id,text,source_dataset,dialect,label,hate_type,confidence,original_label,notes
letmi_d0fea45a,@yumnafawaz @General_Aoun والله اقل شي انتي لازم تنكبي بالحبس مش بس عا افكارك النتنة وقلة احترامك..عا سماكة وتقل دمك,letmi,levantine,hate,gender,1.0,misogyny: misogyny,Misogyny category: misogyny
letmi_52035389,@DimaSadek @yumnafawaz صدقنا انك نزلتي.. ليه ما بقيتي #ديما_الواطية,letmi,levantine,hate,gender,1.0,misogyny: misogyny,Misogyny category: misogyny
letmi_4ef31f03,@DimaSadek تفه عليكي انت يا مكرسحة,letmi,levantine,hate,gender,1.0,misogyny: misogyny,Misogyny category: misogyny
letmi_28c01fb3,"@DimaSadek تافهة منحطة وبايخة 
#لعبي_عقدك",letmi,levantine,hate,gender,1.0,misogyny: misogyny,Misogyny category: misogyny
letmi_df6bd64e,@DimaSadek ليكي في فيديو بيفرجي انو ما قرب عليها اصلا يا دجالة يا عبيطة ولا قرب صوبها ��,letmi,levantine,hate,gender,1.0,misogyny: misogyny,Misogyny category: misogyny
letmi_082ebed0,@yumnafawaz يا عيب الشوم عليكي يا موّتي (مرتّي) ! تفه عأصلك، لو في اهل يربوكي ما بتهوشي هيك. بس مربايين معزابة.,letmi,levantine,hate,gender,1.0,misogyny: misogyny,Misogyny category: misogyny
letmi_15decd1f,@DimaSadek يا بومة يا حية يا دودة يا عقربة يا ديما,letmi,levantine,hate,gender,1.0,misogyny: misogyny,Misogyny category: misogyny
letmi_ae049a01,@DimaSadek @HichamHaddad57 @LBCI_NEWS مين بدو يحضرك يا حرباية كل شوي بلون,letmi,levantine,hate,gender,1.0,misogyny: misogyny,Misogyny category: misogyny
letmi_5f9767f2,@DimaSadek بإختصار كلي خرا! �,letmi,levantine,hate,gender,1.0,misogyny: misogyny,Misogyny category: misogyny
letmi_fcfe5bb1,@DimaSadek يا فاسدة روحي شوفو زوجك الناصب تفوو يا بلا شرف,letmi,levantine,hate,gender,1.0,misogyny: misogyny,Misogyny category: misogyny
letmi_a64274c9,@yumnafawaz بكم حرم بتلدغ يمنى,letmi,levantine,hate,gender,1.0,misogyny: misogyny,Misogyny category: misogyny
letmi_16b5cca4,@DimaSadek الله يقصف عمرك انت الله لا يسامحك اديشك خبيثة,letmi,levantine,hate,gender,1.0,misogyny: misogyny,Misogyny category: misogyny
letmi_2f2df415,@DimaSadek يا هبيلة الهبلان ديما صادق صور والنبطية عم يثورو عا معلمك نبيه بري قبل كل الناس لانه حركة الظالمين حرقة قلبهم,letmi,levantine,hate,gender,1.0,misogyny: misogyny,Misogyny category: misogyny
letmi_d53f7669,@DimaSadek @alislim124 الله يرض عليك على الصبح الي متل خليتك .. يا اختي مين ما كان اكون.. بلا فتنة و انضبي,letmi,levantine,hate,gender,1.0,misogyny: misogyny,Misogyny category: misogyny
letmi_4ba8c425,@yumnafawaz انتي لا شكل ولا مضمون ولا نفسية وتافهة كمان,letmi,levantine,hate,gender,1.0,misogyny: misogyny,Misogyny category: misogyny
letmi_2a29f3e7,@yumnafawaz @DimaSadek #ديما_الواطية  و #يمنى_بتلدغ,letmi,levantine,hate,gender,1.0,misogyny: misogyny,Misogyny category: misogyny
letmi_1a6a00a8,@DimaSadek حبيت صبح عليكي دمدوم بونجور  خلي زوجك يشوفهم بلكي بيتعلم الرجوله شوي وبضبك حاجتك فلتانه شفناكي مبارك من… https://t.co/GngBKjnqeq,letmi,levantine,hate,gender,1.0,misogyny: misogyny,Misogyny category: misogyny
letmi_8c4c555a,@DimaSadek اه انشالله بس مش السيد اللي رح يقبر قلبك انشالله ما تلاقي حدا يقبرك عاهرة الثورة,letmi,levantine,hate,gender,1.0,misogyny: misogyny,Misogyny category: misogyny
letmi_aae2a22e,@DimaSadek لمّا قلت عنّك جحشة ما غلطت و حمارة كمان,letmi,levantine,hate,gender,1.0,misogyny: misogyny,Misogyny category: misogyny
letmi_d9dfca01,@alimajed31189 @comment0 @DimaSadek وينك اليوم طلعتي ع طرابلس مبارح ايمتى باقي المناطق يا واطيه.,letmi,levantine,hate,gender,1.0,misogyny: misogyny,Misogyny category: misogyny
letmi_6e5525ec,@DimaSadek انشالله بيقبرك إنتي وعيلتك�,letmi,levantine,hate,gender,1.0,misogyny: misogyny,Misogyny category: misogyny
letmi_8714a6f3,@DimaSadek انا طبعا مع الحراك ، و مع تنظيمه اكتر بس لو سمحتي بقصّة سلاح المقاومة او يلي مسمّيتيها الضاحية ، عذرًا م… https://t.co/IaxS0qyrza,letmi,levantine,hate,gender,1.0,misogyny: misogyny,Misogyny category: misogyny
letmi_d012ab14,@yumnafawaz اكيد انت غنمة,letmi,levantine,hate,gender,1.0,misogyny: misogyny,Misogyny category: misogyny
letmi_ce492953,"@berrynawal كنا ب #ديما_الوطية
صرنا ب #نوال_البهلة.. يقطع عمرك شو زكية",letmi,levantine,hate,gender,1.0,misogyny: misogyny,Misogyny category: misogyny
letmi_b7865d39,@DimaSadek روحي انضبي يا شرشوحة وتعلمي الفهم,letmi,levantine,hate,gender,1.0,misogyny: misogyny,Misogyny category: misogyny
letmi_9626d1cd,@yumnafawaz @rayaelhassan العمى ما اقرفق,letmi,levantine,hate,gender,1.0,misogyny: misogyny,Misogyny category: misogyny
letmi_9198c112,@MariamAlbassam نانسي السبع مراسلة والله محلل سياسي ضد حزب الله؟ ضبّوها...يا حيف ع هيك مراسلات,letmi,levantine,hate,gender,1.0,misogyny: misogyny,Misogyny category: misogyny
letmi_b98e15cf,@DimaSadek بعتقد  عم يحكي باسم لبنان يا هبلة !,letmi,levantine,hate,gender,1.0,misogyny: misogyny,Misogyny category: misogyny
letmi_ce331b8a,@DimaSadek يعني اخترعتي البارود ��,letmi,levantine,hate,gender,1.0,misogyny: misogyny,Misogyny category: misogyny
letmi_6deea94d,@yumnafawaz الله يسخطك,letmi,levantine,hate,gender,1.0,misogyny: misogyny,Misogyny category: misogyny
mlma_8070ad95,الرعاع وشاربوا بول البعير متى عىفتم كرة القدم لكي تتحدثوا عن لاعب دفع شيخكم تركي الكثير لجلبه وهو حاء حبا في الكعبة… @url,mlma,mixed,hate,race,1.0,hateful (target: origin),Original target: origin
mlma_7820b97c,@user @user @user @user خنازير قطر هذا خنزير من حلفاءكم يطلب مساعدة (سمي النعال) @url,mlma,mixed,hate,race,1.0,hateful (target: origin),Original target: origin
mlma_2450673e,@user @user لاحظو حجم الأسى الذي سببته السعودية العظمى لإيران وبوقها الإعلامي الخنزيرة.,mlma,mixed,hate,race,1.0,hateful (target: origin),Original target: origin
mlma_474ef108,وجيههم مغسوله بمرق خنازير وعادي عندهم,mlma,mixed,hate,race,1.0,hateful (target: origin),Original target: origin
mlma_17c40d18,صحيح انت ونسوانك خدم عندنا ونشربكم بول البعير حسب كتبكم وفتوى معمميكم ياحمار تعلم دينك الرافضي بول البعير عقيده عند… @user,mlma,mixed,hate,race,1.0,hateful (target: origin),Original target: origin
mlma_b73cb733,@user @user خنزير فاجر يقتل القتيل ويمشي في جنازته امتا يارب النجاه من الفاسد الإرهابي ده اللي بيتحكم في المصريين غصب عنهم,mlma,mixed,hate,race,1.0,hateful (target: origin),Original target: origin
mlma_ada9da4d,لفتتني ثقافة مجتمع أراده حاكمُه داعشيا:اطلق شبيحة النظام السوري علي شائعة اغتصاب.قام النظام السعودي بتكراره مع كمّ… @url,mlma,mixed,hate,race,1.0,hateful (target: origin),Original target: origin
mlma_cae2c0cd,@user @user @user يا بهيم حامل كتاب التاريخ بالمقلوب هههه.. في ١٩٨٢ اسراءيل هي الي أسقطت ٨٩ طائرة سوري… @url,mlma,mixed,hate,race,1.0,hateful (target: origin),Original target: origin
mlma_12820711,@user لعنت الله علي محمد الهاشمي وفيصل القاسم كلهم خنازير قطر واعداء الاسﻻم والمسلمين,mlma,mixed,hate,race,1.0,hateful (target: origin),Original target: origin
mlma_fdadcece,@user @user عزيزي اللبناني تعرف اذا شفنا مكان وسخ نقول عليه زبالة كأنه لبنان !,mlma,mixed,hate,race,1.0,hateful (target: origin),Original target: origin
mlma_858425d7,ليس لدي شك أن تنظيم عيال فطيمة خنازير الخمارات العبرية المتحدة متورطين في #قضية_خاشقجي بريطانيا كشفت الأمر وهددتهم… @url,mlma,mixed,hate,race,1.0,hateful (target: origin),Original target: origin
mlma_eed157d0,@user @user @user الصعلوك هم امثالك يا حقير يا نكرة يا نجس.. انت و امثالك عبيد قردوغان الصهيون… @url,mlma,mixed,hate,race,1.0,hateful (target: origin),Original target: origin
mlma_600fe447,@user ملعون ابوك صهيونى خنزير ...ياعبدة الصنم بن سلمان انتم آخر من يتكلم عن المسلمين والعرب ..,mlma,mixed,hate,race,1.0,hateful (target: origin),Original target: origin
mlma_7baf8953,@user @user هولاء مجموعة من خنازير أمريكا,mlma,mixed,hate,race,1.0,hateful (target: origin),Original target: origin
mlma_811e3f6e,@user @user خنزير نجس اتفووووووو عليه خاين عرص وسخ,mlma,mixed,hate,race,1.0,hateful (target: origin),Original target: origin
mlma_d3908f84,@user @user نحن كامازيغ متوحشين على أساس اننا ناكل الضبان والجراد والجرابيع ونشرب بول البعير ونؤد بن… @url,mlma,mixed,hate,race,1.0,hateful (target: origin),Original target: origin
mlma_28227608,@user هذا العمليه الإجراميه الإرهابيه برعايتكم يا دموييين يا انجاس تسوون فتنه بين المسيحيين الأقباط والمسلمين ل… @url,mlma,mixed,hate,race,1.0,hateful (target: origin),Original target: origin
mlma_58d5109a,الحوثي عميل نجس وسخ نذل خنزير إيران  #الحديدة_تنتصر,mlma,mixed,hate,race,1.0,hateful (target: origin),Original target: origin
mlma_785761dd,@user @user ماذا تقول يا شارب بول البعير لعنة الله عليك وعلى ال سلول الخونة @url,mlma,mixed,hate,race,1.0,hateful (target: origin),Original target: origin
mlma_17d61f71,@user @user شاربى بول البعير و راعى الأغنام مش هنستنا منهم غير قلة الأدب و السفالة كلوا زق,mlma,mixed,hate,race,1.0,hateful (target: origin),Original target: origin
letmi_5c96d0cc,@berrynawal بزقة قليل عليكي  تفة,letmi,levantine,hate,gender,1.0,misogyny: misogyny,Misogyny category: misogyny
letmi_99972c83,@DimaSadek ليكِ انت وحدة بلا شرف شو ما حكيتي ...ما حدا رح يعبرك من هل لحظة..ما بقى نرد عليكي لانك تافهة وبلا شرف..حرام ما اهبلك..,letmi,levantine,hate,gender,1.0,misogyny: misogyny,Misogyny category: misogyny
letmi_86b1e804,"@DimaSadek ماشالله كلكم طلعتوا ممولين و مرتاحين على وضعكم لكن شو بدكم بهيدي الثورة..
و انتي لحتى ما انساكي يلعن شرفك بكعب صرمايتي..",letmi,levantine,hate,gender,1.0,misogyny: misogyny,Misogyny category: misogyny
letmi_1efee76a,@yumnafawaz أيتها التافهة,letmi,levantine,hate,gender,1.0,misogyny: misogyny,Misogyny category: misogyny
letmi_cbde123a,@DimaSadek يعني لو حضرتيك من الشعب كنتي شريفة .. خلص ما بدنا اياكي بالشعب خليكي بلا شرف يا... ديما الواطية...,letmi,levantine,hate,gender,1.0,misogyny: misogyny,Misogyny category: misogyny
letmi_3e0734b1,@DimaSadek فشرتي على رقبتك سيدنا يقبرك,letmi,levantine,hate,gender,1.0,misogyny: misogyny,Misogyny category: misogyny
letmi_f6f42e61,@yumnafawaz الرئيس ألقى خطابو وخلفو حيط فاضي ت البجم السخيفين اللي متلك يركزو عالخطاب مش التفاصيل وانت يا تافهة   ع… https://t.co/nxyPonAdGc,letmi,levantine,hate,gender,1.0,misogyny: misogyny,Misogyny category: misogyny
letmi_a6cbe2d7,@DimaSadek انتي اوسخ امرأة شفتا في حياتي روحي نامي احلا ما تسمعي اكثرمن هيك حاكي,letmi,levantine,hate,gender,1.0,misogyny: misogyny,Misogyny category: misogyny
letmi_f33962a5,@DimaSadek رح يقبر قلبك لا تعتلي هم,letmi,levantine,hate,gender,1.0,misogyny: misogyny,Misogyny category: misogyny
letmi_b1726dd4,@moeshamseddine @DimaSadek العاهرة الليلية�..,letmi,levantine,hate,gender,1.0,misogyny: misogyny,Misogyny category: misogyny
letmi_76f08c7a,@DimaSadek سدي بوزك سيد عراسك وراس اتباعك,letmi,levantine,hate,gender,1.0,misogyny: misogyny,Misogyny category: misogyny
letmi_1324652b,@DimaSadek .. و #ديما_الواطية حمالة الحطب,letmi,levantine,hate,gender,1.0,misogyny: misogyny,Misogyny category: misogyny
letmi_a2ab8a3d,@DimaSadek انزلي انت والكلب جوزك والكلاب الصغار اللي عندك بالبيت حاج تضحي بولاد العالم #ديما_الواطية,letmi,levantine,hate,gender,1.0,misogyny: misogyny,Misogyny category: misogyny
letmi_9d18f520,@DimaSadek لك العمى بقلبك العمى .. لك شو نوع الحقد يللي معجونة فيه انتي ؟؟ لك خافي على أمك على اهلك على عيلتك من ال… https://t.co/F01MWf9vmR,letmi,levantine,hate,gender,1.0,misogyny: misogyny,Misogyny category: misogyny
letmi_2ca4dc6c,@DimaSadek ديما سدي بوزك يا عاهرة يا فتنوية كلمة تفو عليكي قليلة,letmi,levantine,hate,gender,1.0,misogyny: misogyny,Misogyny category: misogyny
letmi_432e594d,@elissianmatthi1 @DimaSadek #ديما_الواطية  صار ماثيو يدافع عنها هههههه,letmi,levantine,hate,gender,1.0,misogyny: misogyny,Misogyny category: misogyny
letmi_4311f514,@yumnafawaz @ProtestsLebanon والله إنك مريضة نفسياً,letmi,levantine,hate,gender,1.0,misogyny: misogyny,Misogyny category: misogyny
letmi_49534aba,@yumnafawaz ولا يهمك لانو بجل الديب الناس هونيك تهتف ارهابي ارهابي نصر الله ارهابي هههههههههه المصيبة انك بعينين وما تستخدمي الا وحدة هههههه,letmi,levantine,hate,gender,1.0,misogyny: misogyny,Misogyny category: misogyny
letmi_0f500c4d,@REA361291 @DimaSadek وحدة وطنحية(عاملة حالها بتحب الوطن) وزوجها تخلى عن الجنسية اللبنانية. تفه على شرفك وشرفه.,letmi,levantine,hate,gender,1.0,misogyny: misogyny,Misogyny category: misogyny
letmi_d9464cc5,@DimaSadek تفه ما أبشعك�,letmi,levantine,hate,gender,1.0,misogyny: misogyny,Misogyny category: misogyny
mlma_9b0f3fd5,الشعب السعودي يحتفل بشرب بول البعير بمناسبه تاسيس دوله ال سعود اللعينه الذتي تحول فيها شعب عربي… @user,mlma,mixed,hate,race,1.0,hateful (target: origin),Original target: origin
letmi_ab83e7ec,@berrynawal مجدوبه وماشيه يا نوال,letmi,levantine,hate,gender,1.0,misogyny: misogyny,Misogyny category: misogyny
letmi_ec50f178,@DimaSadek انشالله بيقبرك ومنرتاح من سمك يا خنزيرة  ����,letmi,levantine,hate,gender,1.0,misogyny: misogyny,Misogyny category: misogyny
letmi_8dc70368,RT @batoulana11: @DimaSadek انشالله بيقبرك كلك مش بس قلبك,letmi,levantine,hate,gender,1.0,misogyny: misogyny,Misogyny category: misogyny
letmi_299646ac,@DimaSadek قلبك كبير وبيساع كتييير... رخيصه,letmi,levantine,hate,gender,1.0,misogyny: misogyny,Misogyny category: misogyny
letmi_85c909ba,@DimaSadek إنتي عم تتخايلي إنو إذا كانوا الحزب و الحركةو طلعتي قدامن  ممكن يصير وجّك خريطة لبنان،تخيالي بس�,letmi,levantine,hate,gender,1.0,misogyny: misogyny,Misogyny category: misogyny
letmi_5cc0c8c4,@DimaSadek الله يلعنك شو كذابة و منافقة,letmi,levantine,hate,gender,1.0,misogyny: misogyny,Misogyny category: misogyny
letmi_93dd377e,RT @Nasser51568120: @DimaSadek @LBCI_NEWS انت وحدة غشاشة وما خصك بالاعلام وحة فاشلة https://t.co/iu8X58whwH,letmi,levantine,hate,gender,1.0,misogyny: misogyny,Misogyny category: misogyny
letmi_620e0862,@dianamoukalled @DimaSadek اذا انت بشعه لا يحق لك التعليق على الحسناوات بكلامك السخيف,letmi,levantine,hate,gender,1.0,misogyny: misogyny,Misogyny category: misogyny
letmi_d5537083,@DimaSadek روحي انضبي يا غبية,letmi,levantine,hate,gender,1.0,misogyny: misogyny,Misogyny category: misogyny
letmi_220ae3de,@HousseinKassem6 @DimaSadek هيدي لا بتسمع ولا بتقشع ...قدما بتنبح بتقبض ...,letmi,levantine,hate,gender,1.0,misogyny: misogyny,Misogyny category: misogyny
letmi_9aefb1a1,"@DimaSadek مش غريب تحكي بمنطق رخيص اذا اهلك ما ادبوك نا تحترمي الناس اكيد الشارع ما بادبك. 
بنت شارع 

#الا-السيد",letmi,levantine,hate,gender,1.0,misogyny: misogyny,Misogyny category: misogyny
letmi_d3b25148,@DimaSadek هل ضربك الطرش والحول رجعي سمعي شو قال يا هبلا,letmi,levantine,hate,gender,1.0,misogyny: misogyny,Misogyny category: misogyny
letmi_565fe515,@yumnafawaz @General_Aoun هو فوق عم يحلق بالكرامة وانت تحت الصرماية يا جرثومة,letmi,levantine,hate,gender,1.0,misogyny: misogyny,Misogyny category: misogyny
letmi_13d6606a,@DimaSadek لا اطمئني بتظلك تجيبي سكور مرتب بالوطاوي,letmi,levantine,hate,gender,1.0,misogyny: misogyny,Misogyny category: misogyny
letmi_eef1f448,"@DimaSadek انت بتشتغل يا احمد؟
اعوذ بالله ���
#ديما_الكذابة",letmi,levantine,hate,gender,1.0,misogyny: misogyny,Misogyny category: misogyny
letmi_ab6d68c3,@DimaSadek طب كلي خرا خلص,letmi,levantine,hate,gender,1.0,misogyny: misogyny,Misogyny category: misogyny
letmi_84cf899d,RT @AbouHasan5: @hader313ha @MIGUEL46224701 @DimaSadek يلعن شرفك يا بلا شرف,letmi,levantine,hate,gender,1.0,misogyny: misogyny,Misogyny category: misogyny
mlma_56767da4,وراء كل رجل وسيم إمرأه بايره,mlma,mixed,hate,gender,1.0,hateful (target: gender),Original target: gender
letmi_445103a3,@DimaSadek روحي انضبي,letmi,levantine,hate,gender,1.0,misogyny: misogyny,Misogyny category: misogyny
letmi_dae101ae,@yumnafawaz @General_Aoun انضبي ولي بلا أخلاق احترمي حالك يا بلا شرف رتش,letmi,levantine,hate,gender,1.0,misogyny: misogyny,Misogyny category: misogyny
letmi_78f591e4,@Hasan_S_88 @DimaSadek العمى شو وقحة عنجد❗️لا و رافعة الكلفة كمان,letmi,levantine,hate,gender,1.0,misogyny: misogyny,Misogyny category: misogyny
letmi_772cfaf5,@Khaled22738401 @NicoleHajal @Samia77881 بول البعير كتير عليك,letmi,levantine,hate,gender,1.0,misogyny: misogyny,Misogyny category: misogyny
letmi_1e64c540,@DimaSadek يا حية انضبي وكفى بخ سم,letmi,levantine,hate,gender,1.0,misogyny: misogyny,Misogyny category: misogyny
letmi_e59f51ba,@DimaSadek عقبالك.. تستقيلي من الاعلام وتوقفي ع المجلى..,letmi,levantine,hate,gender,1.0,misogyny: misogyny,Misogyny category: misogyny
letmi_b34226d0,@DimaSadek ديما يا عديمة الشرف ما بيطلعلك تحكي عن الشرف,letmi,levantine,hate,gender,1.0,misogyny: misogyny,Misogyny category: misogyny
letmi_4d986c5d,@DimaSadek احتياط سكري نيعك �,letmi,levantine,hate,gender,1.0,misogyny: misogyny,Misogyny category: misogyny
letmi_1af61faf,@DimaSadek انشالله بتفوتي عالمستشفى وما بتلاقي متبرع يا منافقة,letmi,levantine,hate,gender,1.0,misogyny: misogyny,Misogyny category: misogyny
letmi_3730ca94,@DimaSadek بتحبي تضلك عايشي عالبهدلي يا #ديما_الواطيه,letmi,levantine,hate,gender,1.0,misogyny: misogyny,Misogyny category: misogyny
mlma_7915818d,@user @user @user @user ندري شلون نفهم عيال المتعه، مشروب ابوال البعير للعلاج فقط لكن مرجعي… @user,mlma,mixed,hate,race,1.0,hateful (target: origin),Original target: origin
letmi_3711127d,@DimaSadek هلق إنت مصدقة حالك إنك ثورية ومناضلة عن جد,letmi,levantine,hate,gender,1.0,misogyny: misogyny,Misogyny category: misogyny
letmi_1b3fd724,@DimaSadek اصمتي يا عاهرة المال,letmi,levantine,hate,gender,1.0,misogyny: misogyny,Misogyny category: misogyny
letmi_752b27e7,@DimaSadek لك انتي اغبى واوسخ المخلوقات...,letmi,levantine,hate,gender,1.0,misogyny: misogyny,Misogyny category: misogyny
letmi_cf02e809,@DimaSadek ان شاء الله نحن كلنا منقبرك�,letmi,levantine,hate,gender,1.0,misogyny: misogyny,Misogyny category: misogyny
letmi_ab0692f9,@DimaSadek @AhmadBallout15 ٧ ايار الجايي لازم يسحبوك من شعرك بلكي بتصيري  تفهمي,letmi,levantine,hate,gender,1.0,misogyny: misogyny,Misogyny category: misogyny
mlma_b7d2d133,ههههههه ناطق التخالف أصلا كان شارب بول البعير. @url,mlma,mixed,hate,race,1.0,hateful (target: origin),Original target: origin
letmi_d5e30f14,@yumnafawaz @rayaelhassan ام نص لسان ،حماره من بلدي ����,letmi,levantine,hate,gender,1.0,misogyny: misogyny,Misogyny category: misogyny
letmi_4e40f85c,@yumnafawaz مش رح تعرفي تحكي انت يا ام نص لسان عيب عليكي ..واذا حكى عن النازحين اصلاً المظاهرة مفروض تكون لترحيل ال… https://t.co/sXDfUCmMMp,letmi,levantine,hate,gender,1.0,misogyny: misogyny,Misogyny category: misogyny
letmi_6175e1c5,@LbciLebanon @DimaSadek ديما بلا تحيتك من طرابلس تقدمي للجنوب وزوريهم بالمستشفيات وشوفي شعبيتك اديش كبيره .. اذا ما… https://t.co/r1FUlTnG9j,letmi,levantine,hate,gender,1.0,misogyny: misogyny,Misogyny category: misogyny
letmi_77c7c56c,@NicoleND22 @DimaSadek معلي بعد السحسوح بترجع تعتذر���صارت معودة,letmi,levantine,hate,gender,1.0,misogyny: misogyny,Misogyny category: misogyny
mlma_1371eb37,@user @user @user @user الانعام امثالك يا زبالة الي يشرب بول البعير ويركض ورا الع… @url,mlma,mixed,hate,race,1.0,hateful (target: origin),Original target: origin
letmi_c740b0a4,@DimaSadek @ayattali حذاء السيد اشرف من راسك,letmi,levantine,hate,gender,1.0,misogyny: misogyny,Misogyny category: misogyny
mlma_6c24826f,بالعادة المتسعودين المسعورين بيستعملوا المنشار تحت تاثير تناول بول البعير..!! @url,mlma,mixed,hate,race,1.0,hateful (target: origin),Original target: origin
letmi_2aa52ffe,@DimaSadek يا هبله قال لن يسقط العهد ���✍️,letmi,levantine,hate,gender,1.0,misogyny: misogyny,Misogyny category: misogyny
mlma_abf3edcd,لاتلعب بنار يامجوسي مع سني بتحرء أصابيعك خزها عبرة ياأبن لمتعة ليمازة لخميني لعنة الله سرهو في جنازتهي وكل من شهادة… @user,mlma,mixed,hate,race,1.0,hateful (target: origin),Original target: origin
letmi_4ae10a7b,@DimaSadek الهي يقبر قلبك �,letmi,levantine,hate,gender,1.0,misogyny: misogyny,Misogyny category: misogyny
letmi_23b2ff87,@DimaSadek كاذبة وقابضة,letmi,levantine,hate,gender,1.0,misogyny: misogyny,Misogyny category: misogyny
letmi_65cb1d2e,@yumnafawaz ريحة زنخة �,letmi,levantine,hate,gender,1.0,misogyny: misogyny,Misogyny category: misogyny
letmi_6be167df,@DimaSadek الله يعين المجتمع ع قلة فهمك و استيعابك �,letmi,levantine,hate,gender,1.0,misogyny: misogyny,Misogyny category: misogyny
letmi_8fec6161,@DimaSadek عما بقلبك شو حقيرة,letmi,levantine,hate,gender,1.0,misogyny: misogyny,Misogyny category: misogyny
letmi_0f6a2a72,"@DimaSadek @LBCI_NEWS يا ريت يكمشوكي ويلفوكي بعلم بلدك الاصلي يعني الاسرائيلي
يا الله ما احلاها يسحبوكي من شعرك ويمسحو فيكي الارض",letmi,levantine,hate,gender,1.0,misogyny: misogyny,Misogyny category: misogyny
letmi_4ed5b5b5,@NicoleHajal @arkay83 هيّ حالك لتتعرفي على معلمتك الجديدة يا كركمة�� https://t.co/EVqDBMwtPF,letmi,levantine,hate,gender,1.0,misogyny: misogyny,Misogyny category: misogyny
mlma_05e07944,يعني فهمتها بمصطلحك ايها البعير يبدوا ان شرب… @user,mlma,mixed,hate,race,1.0,hateful (target: origin),Original target: origin
letmi_313a7637,@yumnafawaz امشي نضبي.,letmi,levantine,hate,gender,1.0,misogyny: misogyny,Misogyny category: misogyny
letmi_2cb483ee,@DimaSadek انتي اخرسي واعزمي سياسيي السلطة عندك بالبيت عل عشاء.انتي يا فاسدة اولون كلون يعني كلون وانتي اولون اخرسي ما بدي اسمع صوتك,letmi,levantine,hate,gender,1.0,misogyny: misogyny,Misogyny category: misogyny
letmi_506f07e6,@DimaSadek ألتزمي الصمت (يعني سدي نيعك بالعربي)...حتى نهاية المعركه ...لا دور للأنتهازيبن امثالك,letmi,levantine,hate,gender,1.0,misogyny: misogyny,Misogyny category: misogyny
letmi_0b790dca,@yumnafawaz أديش سعرك؟,letmi,levantine,hate,gender,1.0,misogyny: misogyny,Misogyny category: misogyny
letmi_b144ea79,@DimaSadek يلعن صباحك وصباح ثورتك. قال ثورة قال �,letmi,levantine,hate,gender,1.0,misogyny: misogyny,Misogyny category: misogyny
letmi_0c8ffdc7,@DimaSadek يلعن البطن اللي جابتك,letmi,levantine,hate,gender,1.0,misogyny: misogyny,Misogyny category: misogyny
letmi_34657923,@DimaSadek مصدقة حالك ههههههه فشرتي فشرتي، يا حمارة يا جاهلة لو انك بتفهمي و َرسالتك الاعلامية نضيفة يا وسخة بتعرفي… https://t.co/tdDErWdtuc,letmi,levantine,hate,gender,1.0,misogyny: misogyny,Misogyny category: misogyny
letmi_1d5a6d8b,@DimaSadek قال انت المفتش كونان، يقطع عمرك ما ازنخك,letmi,levantine,hate,gender,1.0,misogyny: misogyny,Misogyny category: misogyny
letmi_196a417b,@yumnafawaz مخابرات جيش يا هبلة,letmi,levantine,hate,gender,1.0,misogyny: misogyny,Misogyny category: misogyny
letmi_555562de,"RT @ourwordsreach1: @AliMahd35302025 @DimaSadek العمى شو غبية 
وقوقها تفه",letmi,levantine,hate,gender,1.0,misogyny: misogyny,Misogyny category: misogyny
mlma_dcfbd080,@user @user @user يا خنزير  لا  تستعجل.  جايكم الدور  خلينا نربيكم في اليمن ونربي قطر. و… @url,mlma,mixed,hate,race,1.0,hateful (target: origin),Original target: origin
letmi_080fe2df,@yumnafawaz يا ريت تشرحيلنا شو هوي التغيير يلي شفتيه انت وعم تمشي بشوارع بيروت غير الفوضى وبعض الخيم وبأي شي حسيت بالفخر #تافهة,letmi,levantine,hate,gender,1.0,misogyny: misogyny,Misogyny category: misogyny
letmi_453df775,"@DimaSadek #ديما_الواطيه والشرشوحة والتافهة وأم الشوو اوف واللي بتحب تنسب وتتبهدل
ديما المصلحجية الكذابة اللي همها… https://t.co/hlCuCdAT2L",letmi,levantine,hate,gender,1.0,misogyny: misogyny,Misogyny category: misogyny
letmi_6fcb9fb3,@DimaSadek احترمي حالك وحدة مبهدلة بتسوى صرماية اعتق من عتيقة روحي انضبي,letmi,levantine,hate,gender,1.0,misogyny: misogyny,Misogyny category: misogyny
letmi_a44fac59,@Laudy_1 @DimaSadek قابضة قبضة حرزانة حقيرة,letmi,levantine,hate,gender,1.0,misogyny: misogyny,Misogyny category: misogyny
letmi_34e7f71c,@yumnafawaz هلق ضروري انه كل واحد طلع عا الشاشة يكون بيفهم، يقطع عمرك رملاء أفهم منك.,letmi,levantine,hate,gender,1.0,misogyny: misogyny,Misogyny category: misogyny
letmi_b88257c2,@berrynawal نوال بري كلبي و عمبتلعب على ٢ وينو كبير العيلة ولي,letmi,levantine,hate,gender,1.0,misogyny: misogyny,Misogyny category: misogyny
letmi_6c704390,@yumnafawaz بدك ١٠٠ سنة تتفهمي يلي قالو الرئيس. انضبي انتِ قليلة الاخلاق,letmi,levantine,hate,gender,1.0,misogyny: misogyny,Misogyny category: misogyny
letmi_7343ceaf,@DimaSadek حاش تكذبي عالعالم افلامك محروقة يا بصلة معفنة,letmi,levantine,hate,gender,1.0,misogyny: misogyny,Misogyny category: misogyny
letmi_aa8e5c6e,@yumnafawaz أكلي زباله يا زباله,letmi,levantine,hate,gender,1.0,misogyny: misogyny,Misogyny category: misogyny
mlma_ffcb352f,شعب زباله يتمتع بشرب بول البعير والتداوي بماء الرجال @user,mlma,mixed,hate,race,1.0,hateful (target: origin),Original target: origin
letmi_487ba3a9,@yumnafawaz بدك دعوسة,letmi,levantine,hate,gender,1.0,misogyny: misogyny,Misogyny category: misogyny
letmi_7a95dc91,"@yumnafawaz @General_Aoun مينك إنت يا نص لسان وعقل تا تحكي بإسم الشعب؟
شقفة وحدة مسخرجيه ما في حداً مش مستلما على س… https://t.co/8BHPxKYWVo",letmi,levantine,hate,gender,1.0,misogyny: misogyny,Misogyny category: misogyny
letmi_693b87e7,@DimaSadek يا معاقة، إذا الحزب بحد ذاتو طلع بيان آنو ما آلو علاقة بإللي نزلو. من وين بتجيبي اخبارك بس���,letmi,levantine,hate,gender,1.0,misogyny: misogyny,Misogyny category: misogyny
letmi_a7fdc722,RT @p3VaAm0hXO2tieh: @zna_krm @DimaSadek @LebarmyOfficial وحدة حقيرة لازم يضبوها فوراً هي وأمثالها,letmi,levantine,hate,gender,1.0,misogyny: misogyny,Misogyny category: misogyny
letmi_97c3827d,@yumnafawaz معقول الرئيس قاصصلك الشقفة الناقصة من لسانك حتى بتكرهي وحاقده عليه يا مقروطة اللسان وبالعة نص الأبجدية؟ ���,letmi,levantine,hate,gender,1.0,misogyny: misogyny,Misogyny category: misogyny
letmi_3841b213,@DimaSadek انت بمزبلة التاريخ,letmi,levantine,hate,gender,1.0,misogyny: misogyny,Misogyny category: misogyny
letmi_a7d4f187,@313_fadel____17 @zaiii313nab @berrynawal يخرب عقلك�,letmi,levantine,hate,gender,1.0,misogyny: misogyny,Misogyny category: misogyny
letmi_0cb6369c,@DimaSadek تفوووو على بداحتك #ديما_الواطية و كل اهلك كلن يعني كلن واطيين متلك و طالعة الن قذرة و مجوية,letmi,levantine,hate,gender,1.0,misogyny: misogyny,Misogyny category: misogyny
letmi_150eaa73,@DimaSadek ديما صادق واطية و بجدارة,letmi,levantine,hate,gender,1.0,misogyny: misogyny,Misogyny category: misogyny
letmi_e0b5a0b7,@DimaSadek ما بتقدري الا تكوني زبالة,letmi,levantine,hate,gender,1.0,misogyny: misogyny,Misogyny category: misogyny
letmi_9790e73e,@yumnafawaz عون تاج لبنان. وكرامته من كرامة لبنان. روحي على بيتك انضبي  وبلا فلسفة,letmi,levantine,hate,gender,1.0,misogyny: misogyny,Misogyny category: misogyny
letmi_4fd4eaf1,@sara56726849 @DimaSadek @sara56726849 هيّي مش قصّة مأمنة مستقبلها برّا و بس هيدي رح تقبض بلوة اذا بتساعد بخراب الب… https://t.co/HkELReq9oh,letmi,levantine,hate,gender,1.0,misogyny: misogyny,Misogyny category: misogyny
letmi_c6619112,@DimaSadek بيكفي كذب اهلك عايشين عمرهم بين يلي عم بتقولي عم بهددوها وأنت من يوم يومك تافهة وما سمعنا حدا قرب صوبهم.  استحي ع حالك,letmi,levantine,hate,gender,1.0,misogyny: misogyny,Misogyny category: misogyny
letmi_7e7da082,@DimaSadek وحده واطيه بلا شرف,letmi,levantine,hate,gender,1.0,misogyny: misogyny,Misogyny category: misogyny
letmi_19a8c6c7,@DimaSadek يا واطية و يا احقر الناس انت ! تفه عليكي و عليها #ديما_الواطية,letmi,levantine,hate,gender,1.0,misogyny: misogyny,Misogyny category: misogyny
letmi_044dcce8,@Jessicaazar برايي خليكي ساكتي احسن.,letmi,levantine,hate,gender,1.0,misogyny: misogyny,Misogyny category: misogyny
mlma_56c09a86,@user @user الطم و الي شرف!  و انت روح اشرب بول البعير و ارضع من ..... و لا بلاش,mlma,mixed,hate,race,1.0,hateful (target: origin),Original target: origin
letmi_a5036003,@NicoleHajal انضبي ما رح تقدروا تعملوا فتنة مع السيد لا الموت موتى بغيظك خليكي مع زعميك المجرم,letmi,levantine,hate,gender,1.0,misogyny: misogyny,Misogyny category: misogyny
letmi_9d209631,"@yumnafawaz غليظة والله 
خلص خففي شوي",letmi,levantine,hate,gender,1.0,misogyny: misogyny,Misogyny category: misogyny
mlma_cb1109c7,للابد اكره الرجال الي يتدخل في امور الحريم ياخي كلزق واسترجل وفكنا منك,mlma,mixed,hate,gender,1.0,hateful (target: gender),Original target: gender
letmi_5f9872bf,RT @AbbMahdi: @DimaSadek ما في شي اسمو انتصار للثورة الا لما يعلقوك من لسانك بساحة الشهداء #ديما_الواطية,letmi,levantine,hate,gender,1.0,misogyny: misogyny,Misogyny category: misogyny
letmi_95f93085,@DimaSadek روحي نقبري عل القضاء طالبي يا ساقطه,letmi,levantine,hate,gender,1.0,misogyny: misogyny,Misogyny category: misogyny
letmi_6aa7ec0a,@yumnafawaz @General_Aoun العمى ما اسخفك انتي وما ابشع حكيك,letmi,levantine,hate,gender,1.0,misogyny: misogyny,Misogyny category: misogyny
letmi_8e581c66,@DimaSadek فيكي توقفي استفراغ سمومك وتريحينا من سما ربك؟ العما بقلبك ما اسألك وشو انك بلا وفى #تفه,letmi,levantine,hate,gender,1.0,misogyny: misogyny,Misogyny category: misogyny
letmi_a90a2539,@DimaSadek اخسئي يا #شلكة_وسام_الحسن,letmi,levantine,hate,gender,1.0,misogyny: misogyny,Misogyny category: misogyny
letmi_ad3fea31,@yumnafawaz حقارة البعض لا توصف ... الشعب الشجاع الوطني بالشوارع وفي هاك عالم زبالة المجتمع عمال تحكي ... تفو عليكم وعلى عهدكم الخاين العميل,letmi,levantine,hate,gender,1.0,misogyny: misogyny,Misogyny category: misogyny
letmi_0e6fa722,@Elias_Ghaleb_ @berrynawal يفكً رقبتك,letmi,levantine,hate,gender,1.0,misogyny: misogyny,Misogyny category: misogyny
letmi_2cb0e262,@yumnafawaz شفتي التاريخ دخلك يا جاهلة ؟,letmi,levantine,hate,gender,1.0,misogyny: misogyny,Misogyny category: misogyny
letmi_f89e1cb4,@DimaSadek قال لن يسقط العهد مش الحكومة يا هبلة!,letmi,levantine,hate,gender,1.0,misogyny: misogyny,Misogyny category: misogyny
letmi_dd0c1740,@yumnafawaz كذابة كلن يعني كلن كلكم مرتشين ومنافقين وشذاذي الراي,letmi,levantine,hate,gender,1.0,misogyny: misogyny,Misogyny category: misogyny
letmi_94b31eb5,@DimaSadek ابكي بترتاحي خلص �,letmi,levantine,hate,gender,1.0,misogyny: misogyny,Misogyny category: misogyny
letmi_ce6193fc,@DimaSadek بس يا هبلة،  انت بدك مين يشرحلك يا مخ الحمار،  هو قال لا أؤيد استقالة الحكومة،  بس عن العهد قال لن يسقط،  فهمتي أو بعيد يا بغلة,letmi,levantine,hate,gender,1.0,misogyny: misogyny,Misogyny category: misogyny
letmi_919b7b80,@DimaSadek ايتها الحمقاء قال سيدك وسيد البلد لن يسقط العهد,letmi,levantine,hate,gender,1.0,misogyny: misogyny,Misogyny category: misogyny
letmi_74c78f24,@DimaSadek ههههههه.    تضربي ما احمرك.,letmi,levantine,hate,gender,1.0,misogyny: misogyny,Misogyny category: misogyny
letmi_15fe6e4f,@yumnafawaz عتول عم تشخ تحتا شخاخة,letmi,levantine,hate,gender,1.0,misogyny: misogyny,Misogyny category: misogyny
letmi_c16ba4e9,@DimaSadek سدي حلقك,letmi,levantine,hate,gender,1.0,misogyny: misogyny,Misogyny category: misogyny
letmi_a3af1848,"@ALJADEEDNEWS مجموعة مسلحة 
فتانة رقم واحد 
نانسي السبع",letmi,levantine,hate,gender,1.0,misogyny: misogyny,Misogyny category: misogyny
letmi_a26a60fe,@Tabanjara @HichamHaddad57 @DimaSadek وسرماية عتيقة كمان,letmi,levantine,hate,gender,1.0,misogyny: misogyny,Misogyny category: misogyny
letmi_278cdaea,"RT @AmerAttieh1: كل التحية الك عادل ولضيوفك وخصوصي  ويلي عم يتعدوا عليكي بلا اخلا وبلا ضمير @yumnafawaz
 #بيت_الكل",letmi,levantine,hate,gender,1.0,misogyny: misogyny,Misogyny category: misogyny
letmi_ed7db798,@DimaSadek @LBCI_NEWS العمى ما ازنخك مش مهضومة,letmi,levantine,hate,gender,1.0,misogyny: misogyny,Misogyny category: misogyny
letmi_e42ba045,@DimaSadek سخيفة وتافهة.,letmi,levantine,hate,gender,1.0,misogyny: misogyny,Misogyny category: misogyny
letmi_c01c34a7,@DimaSadek انتي أوطى من البزقة ع الأرض ��,letmi,levantine,hate,gender,1.0,misogyny: misogyny,Misogyny category: misogyny
letmi_cc8f9092,@DimaSadek انشالله بتلف البزقة وبتجي بنص خلقتك يا شرشوحة يللا انضبي انحرق كرتك يا قبيضة السفارات,letmi,levantine,hate,gender,1.0,misogyny: misogyny,Misogyny category: misogyny
letmi_50f5ccbc,@DimaSadek هيدا كان رد على إستفزازهن وشتم سيد المقاومة يا إم مخطه,letmi,levantine,hate,gender,1.0,misogyny: misogyny,Misogyny category: misogyny
letmi_ce87525b,@shaza_nsd @DimaSadek واطيه يا ديما,letmi,levantine,hate,gender,1.0,misogyny: misogyny,Misogyny category: misogyny
letmi_099fb21c,"@DimaSadek ديما صوت إسرائيلي واضح،والعهر عندها مش أبو ساعتو،
الهيئة العهر عندها فيه مدرسة.",letmi,levantine,hate,gender,1.0,misogyny: misogyny,Misogyny category: misogyny
letmi_a142e722,@yumnafawaz @rayaelhassan والحشا بتخوفي العمى ما ابشعك,letmi,levantine,hate,gender,1.0,misogyny: misogyny,Misogyny category: misogyny
letmi_67290a8a,@DimaSadek كذبي وسلينا يا بهيمة,letmi,levantine,hate,gender,1.0,misogyny: misogyny,Misogyny category: misogyny
letmi_9a86529f,@DimaSadek هيدي طلعت من فصيلتك حيوانه من درجة واطيه https://t.co/yPJtuazyGA,letmi,levantine,hate,gender,1.0,misogyny: misogyny,Misogyny category: misogyny
letmi_9b0c7b51,@DimaSadek ما تنسي أنك شرشوحة كمان يا حمالة الحطب  والله ما تضلك تنبحي متل الكلبة مش رح يلكشك بصباتة ويجيب اسمك على تمه لو بتموتي ������,letmi,levantine,hate,gender,1.0,misogyny: misogyny,Misogyny category: misogyny
letmi_0979db18,@DimaSadek حضرتك اوسخ من الوسخ نفسه,letmi,levantine,hate,gender,1.0,misogyny: misogyny,Misogyny category: misogyny
letmi_7dcc37b7,"@DimaSadek سدي بوزك
راس الفتنة انتي",letmi,levantine,hate,gender,1.0,misogyny: misogyny,Misogyny category: misogyny
letmi_c6d25e0a,@DimaSadek عميلة اسرائيلية,letmi,levantine,hate,gender,1.0,misogyny: misogyny,Misogyny category: misogyny
letmi_cdd8c3da,@yumnafawaz عنجد سخيفة شو بدك بالتسمية هلا شوفي ادي عقلاني,letmi,levantine,hate,gender,1.0,misogyny: misogyny,Misogyny category: misogyny
letmi_c2df2435,@DimaSadek نطالب الدوله بسجن #ديما_الواطيه  البوق الصهيوني,letmi,levantine,hate,gender,1.0,misogyny: misogyny,Misogyny category: misogyny
letmi_87e357e5,@DimaSadek تفضلوا هالبهلة����,letmi,levantine,hate,gender,1.0,misogyny: misogyny,Misogyny category: misogyny
letmi_9fc88658,@DimaSadek انضبي يا فاجرة يا واطية، الجيش خط أحمر,letmi,levantine,hate,gender,1.0,misogyny: misogyny,Misogyny category: misogyny
letmi_46a85e19,@DimaSadek سيدك وتاج راسك يا حيوانة,letmi,levantine,hate,gender,1.0,misogyny: misogyny,Misogyny category: misogyny
letmi_18928ec6,@DimaSadek يا اعلامية ياحقيرة لو ما عملو خمس ايار ما كان في سبع ايار خرسي يا وسخة,letmi,levantine,hate,gender,1.0,misogyny: misogyny,Misogyny category: misogyny
letmi_6b8bb1b1,@DimaSadek ولي روحي نضبي عنجد ما اقرفك,letmi,levantine,hate,gender,1.0,misogyny: misogyny,Misogyny category: misogyny
letmi_fc4a15f3,@DimaSadek اسكتي يا عاهرة,letmi,levantine,hate,gender,1.0,misogyny: misogyny,Misogyny category: misogyny
letmi_75af0853,@DimaSadek إذا السيد حسن قبلك مسمار بنعلو إيلك الشرف,letmi,levantine,hate,gender,1.0,misogyny: misogyny,Misogyny category: misogyny
letmi_77baf943,@DimaSadek ساقطة انت ومن معك وليس رجال الله #ثورة مصدية,letmi,levantine,hate,gender,1.0,misogyny: misogyny,Misogyny category: misogyny
mlma_95d94449,@user @user هذا ما أدخلوه في مخك المصدي شرابي بول البعير.,mlma,mixed,hate,race,1.0,hateful (target: origin),Original target: origin
mlma_3b9629b0,@user @user هههههه حمير ولا ماكان الفرس ركبوكم مسألة وقت يا خنزير لم يبقى الا القليل شوف وين كنتو وين صرت… @url,mlma,mixed,hate,race,1.0,hateful (target: origin),Original target: origin
letmi_fb34b078,@DimaSadek ديما الواطية سدي بوزك,letmi,levantine,hate,gender,1.0,misogyny: misogyny,Misogyny category: misogyny
letmi_e8e41798,@DimaSadek انتي بالذات سدي بوزك حيوانة,letmi,levantine,hate,gender,1.0,misogyny: misogyny,Misogyny category: misogyny
letmi_774af15a,@DimaSadek روحي نضبي بقا و ستحي على حالك يا حاقودي حرريه من سامي و جعجع ملوك حرب الاهليه و العملاء,letmi,levantine,hate,gender,1.0,misogyny: misogyny,Misogyny category: misogyny
letmi_a6204487,@DimaSadek انشالله بيقبرك !!!على قلبك قاعد كلن بهل وقت قاعدين عم يسمعو غصب عنك�طقي وفرقعي https://t.co/OVKfVIQBme,letmi,levantine,hate,gender,1.0,misogyny: misogyny,Misogyny category: misogyny
letmi_4f8573b1,@DimaSadek ولك انتي مزبلة تويتر,letmi,levantine,hate,gender,1.0,misogyny: misogyny,Misogyny category: misogyny
letmi_ba6b6aa1,@awxvic110111 @DimaSadek يلعن عرضها شو طيوبة,letmi,levantine,hate,gender,1.0,misogyny: misogyny,Misogyny category: misogyny
letmi_7214cc53,"@DimaSadek العميلة
#ديما_الواطية",letmi,levantine,hate,gender,1.0,misogyny: misogyny,Misogyny category: misogyny
letmi_7a03d2d4,@NadimKoteich @DimaSadek شو هل جلجوئة المريضة ! بتحكي بحقوق المرأة و قبلت الشتام مبارح لام وزير مع ضحك عريض ولو شو هالسفاهة,letmi,levantine,hate,gender,1.0,misogyny: misogyny,Misogyny category: misogyny
letmi_6f582511,@yumnafawaz انت مكعب غباء حاقد. لو شو ما حكي السيد ما بدك تفهمي عليه هاي جماهير حاقنة وساكتة صرلها زمان من الشتائم… https://t.co/YzEpV85WM5,letmi,levantine,hate,gender,1.0,misogyny: misogyny,Misogyny category: misogyny
letmi_d95f4b2c,"@DimaSadek الثورة عطتك عمرها يا معترة هههه 
#ديما_الوطية",letmi,levantine,hate,gender,1.0,misogyny: misogyny,Misogyny category: misogyny
letmi_1c796bf3,"@elissianmatthi1 @DimaSadek صباط السيد حسن بنيعك
وصباط جبران باسيل عا راسك",letmi,levantine,hate,gender,1.0,misogyny: misogyny,Misogyny category: misogyny
letmi_594d69e2,"@DimaSadek ريتو قارطقك ياها بنيعك ما تعرفي راسك من كعب جريك
#ديما_الواطية",letmi,levantine,hate,gender,1.0,misogyny: misogyny,Misogyny category: misogyny
letmi_fab62735,@Nisreenkafa @DimaSadek خليكي بالمطبخ,letmi,levantine,hate,gender,1.0,misogyny: misogyny,Misogyny category: misogyny
letmi_5cd17a06,@abir_zgheib @DimaSadek ان شاء الله يقبرها عنجد..,letmi,levantine,hate,gender,1.0,misogyny: misogyny,Misogyny category: misogyny
letmi_1d12e70c,@DimaSadek يا عمي ديما صادق بدها تنشهر و صدقوني لما انتشر هاشتاغ الواطية ديما، ديما كتير كانت مبسوطة انو هي تريند.… https://t.co/J2ZlEEPQrz,letmi,levantine,hate,gender,1.0,misogyny: misogyny,Misogyny category: misogyny
letmi_9300b200,@DimaSadek سخيفة وعقلك صغير.... عيب عنجد,letmi,levantine,hate,gender,1.0,misogyny: misogyny,Misogyny category: misogyny
letmi_152c2035,@yumnafawaz @General_Aoun ما اقرف بوزك.ام نص لساة,letmi,levantine,hate,gender,1.0,misogyny: misogyny,Misogyny category: misogyny
letmi_73517060,@DimaSadek اخرسي ولي عنزة #ديما_الواطية,letmi,levantine,hate,gender,1.0,misogyny: misogyny,Misogyny category: misogyny
letmi_80d49679,@DimaSadek عبالي انزل شوفك وبوسك من فوق لتحت لان مشتقلك كتير,letmi,levantine,hate,gender,1.0,misogyny: misogyny,Misogyny category: misogyny
letmi_42cc39c5,@yumnafawaz أمية وغير مثقفة,letmi,levantine,hate,gender,1.0,misogyny: misogyny,Misogyny category: misogyny
letmi_15640cd3,@berrynawal الصباط كان كتير صغير عليكه لازم يضربوكه بصباط أكبر بكتير#استحي,letmi,levantine,hate,gender,1.0,misogyny: misogyny,Misogyny category: misogyny
letmi_41a9b55b,"@DimaSadek الله لا يوفقك شو انك شرشوحة و سخيفة و داعشية
اذا انت بدك تقودي الثورة الله يلعن هيك ثورة",letmi,levantine,hate,gender,1.0,misogyny: misogyny,Misogyny category: misogyny
mlma_6b2b2a57,لأنكم بلد دعارة الكل يحبكم لكن كم ستصمدون يا شاربي بول البعير @url,mlma,mixed,hate,race,1.0,hateful (target: origin),Original target: origin
letmi_2703286c,@yumnafawaz صايرة شاعري يا أم لسان مقروط,letmi,levantine,hate,gender,1.0,misogyny: misogyny,Misogyny category: misogyny
letmi_529f56f2,@DimaSadek تاج راسك يا بلا شرف,letmi,levantine,hate,gender,1.0,misogyny: misogyny,Misogyny category: misogyny
letmi_5fc34e14,@ghadifrancis @Jessicaazar اللي متلك عالمطبخ يا غدي.. معك نص ساعة لتخلصي الجلي..بسرعة!,letmi,levantine,hate,gender,1.0,misogyny: misogyny,Misogyny category: misogyny
letmi_1f949080,@DimaSadek العالم كلها بدها يا يا كلبة وبدو يضل قاعد على قلبك �,letmi,levantine,hate,gender,1.0,misogyny: misogyny,Misogyny category: misogyny
letmi_2ca5e810,@DimaSadek انتي يهوديه مافي شك بوساختك,letmi,levantine,hate,gender,1.0,misogyny: misogyny,Misogyny category: misogyny
letmi_1ebb32ce,@DimaSadek يقطع عمرك قطع انا دايما  بحترم امك وبقولك يا بنت الحلال بس عن جد  بينتي هلق انك بنت حرام وان شاءالله بيق… https://t.co/JwnFMtHq0e,letmi,levantine,hate,gender,1.0,misogyny: misogyny,Misogyny category: misogyny
letmi_2fe29da0,@_ElieMerheb @OTVLebanon @AkikiJoyce @joellebouyounes مذيعة ديكتاتورية  �  ..يعنى غصب نصور   و  نكذب  ....   مذيعة  ( فر عون ),letmi,levantine,hate,gender,1.0,misogyny: misogyny,Misogyny category: misogyny
letmi_7be2283d,@yumnafawaz لو بتسمعينا سكوتك يا إم نصف لسان.. بعد ناقصنا هيك بضاعة عتلانة همّ النازحين..,letmi,levantine,hate,gender,1.0,misogyny: misogyny,Misogyny category: misogyny
letmi_e71b2ace,@yumnafawaz @amanie_geha وهاهاها  هلق كل هالثورة كرمال هيك اه يا هبيله,letmi,levantine,hate,gender,1.0,misogyny: misogyny,Misogyny category: misogyny
letmi_8b71eb2c,@DimaSadek رح تموتي قد مافي جواتك سم,letmi,levantine,hate,gender,1.0,misogyny: misogyny,Misogyny category: misogyny
letmi_8ceff821,@yumnafawaz عم يقلك هو اعمل فردية يا ام نص لسان شو بلا لسان وما بتفهمي كمان,letmi,levantine,hate,gender,1.0,misogyny: misogyny,Misogyny category: misogyny
mlma_274b661b,@user @user @user @user مجاري يامتخلفين يابتوع بول البعير ياتيوس,mlma,mixed,hate,race,1.0,hateful (target: origin),Original target: origin
letmi_706969a4,@yumnafawaz طووووووط انضبي . بوق الفتنة,letmi,levantine,hate,gender,1.0,misogyny: misogyny,Misogyny category: misogyny
letmi_dee37859,@yumnafawaz يا أم نص لسان سكتي احسن,letmi,levantine,hate,gender,1.0,misogyny: misogyny,Misogyny category: misogyny
letmi_b5739005,@berrynawal آه يا هبيلة,letmi,levantine,hate,gender,1.0,misogyny: misogyny,Misogyny category: misogyny
letmi_155cf2e2,#نانسي السبع قذارة الاعلام,letmi,levantine,hate,gender,1.0,misogyny: misogyny,Misogyny category: misogyny
letmi_c03c40d6,@DimaSadek هولي صارو عندك كل مؤيدين المقاومة... ليش بتشملي الكل بفعل كم واحد.. حاقدة جدا انتي,letmi,levantine,hate,gender,1.0,misogyny: misogyny,Misogyny category: misogyny
letmi_8e53360a,@DimaSadek ديما صادق انت بهيمة بكل معنى الكلمة، لأنك لاتعقلين. إنت من فئة الأنعام بل إنك أضل سبيلاً.  هل تعتبرين نف… https://t.co/zMURJwxNpq,letmi,levantine,hate,gender,1.0,misogyny: misogyny,Misogyny category: misogyny
jhsc_1341852235702153220,"و مشاعري !نفسيتي تعبانه كانت خير ان شاء الله
",jhsc,jordanian,not_hate,,1.0,neutral,
jhsc_1358694181619826688,"210208 [ معلومة ] أغنية Eight لآيو بالتعاون مع شوقا تعود لـ Top 10 في مخطط MelOn الأسبوعي وتظل متعادلة مع أغنية Dynamite في المركز الثاني بين الأغاني الأكثر بقاءً ضمن Top 10 فيه ( 24 أسبوع ) 
",jhsc,jordanian,not_hate,,1.0,neutral,
jhsc_681269561363148000,فارس بحكي اكبر مسبة حكاها يا حمار,jhsc,jordanian,not_hate,,1.0,positive,
jhsc_968875321515704320,القيثارة آلة مظلومة موسيقيًا,jhsc,jordanian,not_hate,,1.0,neutral,
jhsc_1058175474327860000,﴿وَقِفوهُم إِنَّهُم مَسئولونَ﴾ [الصافات: ٢٤] واحبسوهم قبل إدخالهم النار للحساب; فهم مسؤولون; ثم بعد ذلك سوقوهم إلى النار. - المختصر في التفسير,jhsc,jordanian,not_hate,,1.0,neutral,
jhsc_1425489888732909571,"رحمهم الله و الخزي والعار للجبناء
",jhsc,jordanian,not_hate,,1.0,positive,
jhsc_1255503325337919489,"ما رح نتنازل عن مطالبنا
",jhsc,jordanian,not_hate,,1.0,neutral,
jhsc_573958584288964608,انا بحكيلك القصة بتهيألهم انو رح يعطوهم قطعة ارض بالجامعة هههههه,jhsc,jordanian,not_hate,,1.0,neutral,
jhsc_556376056827887616,فديت سلام اللي ريحتني,jhsc,jordanian,not_hate,,1.0,neutral,
jhsc_1048239832709914624,اربد ==> حلويات الأقصى (معلم محمود) ==> كنافة خشنة,jhsc,jordanian,not_hate,,1.0,neutral,
jhsc_590593349201060000,سبب انهيار بورتو غياب لاعبنا دانييلو,jhsc,jordanian,not_hate,,1.0,positive,
jhsc_1061048538929549312,صاحبي المغترب : طمنا عنك كيف وضعك مع انا :,jhsc,jordanian,not_hate,,1.0,neutral,
jhsc_766708205087035392,الشيخه الروحانيه ام احمد لفك السحروتسهيل الزواج وعلاج التابعه والعقم لاجل الخلفه بأذن الله لتواصل على هذاالرقم٠٠٩٦٢٧٧٩٧٨٥٠٥٨,jhsc,jordanian,not_hate,,1.0,positive,
jhsc_1310338161109803008,"على جروب عالفيسبوك طالبين عروس لشب عمرو ٥١ سنة لم يسبق له الزواج 
",jhsc,jordanian,not_hate,,1.0,neutral,
jhsc_949705979293298688,هذا يتبع تأثير الفيلم على المستمعين ڤإن كانت الدهشة بادية على وجوههم امشيها له ،وإن تغامز القوم انهره نهرا خفيفا واقول لهم أنه سرقها من مواقع التواصل الاجتماعي.,jhsc,jordanian,not_hate,,1.0,positive,
jhsc_1258026991485431808,"مين من الطلاب الي اجو من السفر نازل بكرفان ؟ بدي شوف هالكرفانات الي مجهزينها
",jhsc,jordanian,not_hate,,1.0,neutral,
jhsc_733041834792865792,الاسبان حققوا كل الارقام.. واكثر اندية استفادة من الحكام اندية اسبانيا كرة مثل هذه تعود بي بالذاكرة لمباراة تشيلسي,jhsc,jordanian,not_hate,,1.0,neutral,
jhsc_1007272834341761024,أعلنت دار الإفتاء الإقليمية لمسلمي الفلبين بديار بانجسامور أن يوم الجمعة 15 من شهر يونيو 2018 أول يوم لشهر شوال المعظم لعام 1439، ودعى المفتى إلى الله تعالى أن يرفع عن المسلمين معاناتهم وأن يعيد الأيام عليهم باليمن والبركة.,jhsc,jordanian,not_hate,,1.0,positive,
jhsc_976379979180232704,بين حكيك وشوفتك قصة خجل ، طال فيها الشرح وعيونك دليل.,jhsc,jordanian,not_hate,,1.0,neutral,
jhsc_1021830215419547648,شيء رائع. كنت من اشد المعجبين بهذا الفن حيث كان يبث عبر التلفزيون الاردني. والان اتباع حسب وقتي قناة نارت الفضائيه.,jhsc,jordanian,not_hate,,1.0,positive,
jhsc_493792529343475968,قصفوا مُرجيحة العيد .. ”,jhsc,jordanian,not_hate,,1.0,positive,
jhsc_765305828769427457,بتعوّذ من بعض ناس اكتر من ابليس,jhsc,jordanian,not_hate,,1.0,positive,
jhsc_473735392055684992,مش حركة غبية !!,jhsc,jordanian,not_hate,,1.0,neutral,
jhsc_1444820956896186368,"“قيمتك عند الشخص ستعرفها من محاولاته التي يبذلها من أجلك، وليس من الكلام“.
",jhsc,jordanian,not_hate,,1.0,neutral,
jhsc_705408179413393408,سبحان الله هيني بسمعها بنت عمان - بلوز و بنطلون,jhsc,jordanian,not_hate,,1.0,neutral,
jhsc_1340626375695159296,"الجاردنز لتجارة السيارات ☆دليلك___ للتقسيط☆ متوفر جميع الاصناف ل فورد فيوجن موديلات 2017_2018_2019 للاستفسار : 0770500200 0776100600 @ الجاردنز لتجارة وتمويل السيارات
",jhsc,jordanian,not_hate,,1.0,neutral,
jhsc_797864912714272768,اقسم بالله في ناس حرام الواحد يكون منيح معهم و يفكر فيهم لانهم ما بيستاهلو ذرة اشي منيح الهم,jhsc,jordanian,not_hate,,1.0,neutral,
jhsc_1332346066629505024,"من الصريح للكرك شو اللي بدكم اياه ؟؟؟
",jhsc,jordanian,not_hate,,1.0,neutral,
jhsc_1365722636714663939,"فيديوهات في العالم العربي بعطيني الامان العالم العالم كله مين الرجل يقولوا عليك الامان ما حدا يوصلك في حدا
",jhsc,jordanian,not_hate,,1.0,neutral,
letmi_373c6950,"@DimaSadek ديما واضح إنك مش قادرة تطلعي من النمطية المقيتة بالتحريض و النكايات
إنت عم تشتغلي لصالح اللي عم تنتقديهم… https://t.co/7xEC2er5Ba",letmi,levantine,not_hate,,1.0,none,
jhsc_762785334757322752,فقدنا الصور الممتعة اليوم .. السبب غياب هذا الاسطورة!,jhsc,jordanian,not_hate,,1.0,neutral,
jhsc_956264502818783232,بدي اقلع عين اللي بقول عن الاردنيين مسخمطين . احنا بس بدنا نركض ورا رغيف الخبز ورغيف الخبز يركض قدامنا.,jhsc,jordanian,not_hate,,1.0,positive,
jhsc_1263843533573754880,"أيُّ شـهرٍ قـد تَولَّى * يا عبادَ اللهِ عنّا حُقَّ أنْ نبكي عليهِ * بدماءٍ لو عَقَلنا كيفَ لا نبكي لشهرٍ * مرَّ بالغفلةِ عنّا ثُـمَّ لا نـعـلـمُ أنّـا * قد طُردنا أو قُبلنا
",jhsc,jordanian,not_hate,,1.0,neutral,
jhsc_553930965744357000,صفارات الانذار الآن تدوي في أرجاء مدينة عمان معلنة عن حالة تأهب بسبب الإنجماد على الطرقات و تنصح المواطنين بإلزام منازلهم.,jhsc,jordanian,not_hate,,1.0,positive,
jhsc_1355145656743112704,"حادث سير قرب حاجز الزعيم شرق القدس المحتلة
",jhsc,jordanian,not_hate,,1.0,positive,
jhsc_766669526368919552,ريو 2016: الأردني أبو غوش والمصرية ملاك يدخلان التاريخ بأول ميداليتين عربيتين في التايكواندو via,jhsc,jordanian,not_hate,,1.0,neutral,
jhsc_453222850120675008,الي سنة بكتب فيك قصائد .. و العبس يا عبسي و غيرها من الابيات بعرض الحسناوات يزم,jhsc,jordanian,not_hate,,1.0,positive,
jhsc_1266634149177286662,"بصراحه ما بقدر اتخيل اني بضرب حدا فمشً رح اقدر بالنقطه هاي .. شوف شخص اخر احسن مني
",jhsc,jordanian,not_hate,,1.0,positive,
jhsc_743900836611432448,سامحيني إن لم أكاشفك بالعشق فأحلى ما في الهوى التضمين,jhsc,jordanian,not_hate,,1.0,neutral,
jhsc_556824177638776835,اعوذ بالله من موت اللهفه .,jhsc,jordanian,not_hate,,1.0,positive,
jhsc_801703762997952513,طبيعة البشر أن يكرهوا بعضهم .. ولكن ليس من حقهم تشويه سمعة من يكرهون .. إذا كرهت إنسانا فلا تشوه سمعته فقد يكون صديقا يوما ما ..,jhsc,jordanian,not_hate,,1.0,positive,
jhsc_1366367195719217152,"اللهم انت وحدك ولي ذلك والقادر عليه.
",jhsc,jordanian,not_hate,,1.0,neutral,
jhsc_668426721704718336,ههههههههههههه  ممنوع الريتويت     :P,jhsc,jordanian,not_hate,,1.0,positive,
jhsc_492824088348348417,تكبيرات العيد هنن العيد بالنسبه الي وبس,jhsc,jordanian,not_hate,,1.0,positive,
jhsc_728287992524181505,محاكمة مرتكبي الجرائم ضد الانسانيه في سوريا امام المحكمه الجنائية واجب اخلاقي وقانوني يجب على المجتمع الدوليان يضطلع به.,jhsc,jordanian,not_hate,,1.0,positive,
jhsc_1350518697627168769,"لما تكون عارف شو انت لو مهما الناس تجاهلتك او حاولت تدور عبدائل او حاولت تهمشك بتضل من جواتك عظيم المكانه مش بالمنصب ولا بالفلوس المكانه هيه اللي انت بتصنعها بنفسك في داخلك موجوده باعماقك عبدالله الجراح
",jhsc,jordanian,not_hate,,1.0,neutral,
jhsc_563093806267260928,اهاا يلا ريحتي راسك :),jhsc,jordanian,not_hate,,1.0,neutral,
jhsc_1308849443454816256,"انا بحب فترة الصبح وقهوة الصبح ونشاط الصبح ومنظر الشمس الصبح بس يلي ناقص اني اصحى الصبح 
",jhsc,jordanian,not_hate,,1.0,neutral,
jhsc_491385284362113024,الموضوع مش هيك ابدا الموضوع حصل القتال وهناك مبادرة لوقفه وقد وافقت اسرائيل لماذا ترفض حماس,jhsc,jordanian,not_hate,,1.0,positive,
jhsc_1258742987816919041,"وزارة الصحة 10 وفيات و1701 إصابة جديدة بفيروس كورونا ليرتفع الإجمالي إلى 229 وفاة و35432 إصابة
",jhsc,jordanian,not_hate,,1.0,positive,
jhsc_520155319716945921,بالمناسبة الهاش تاق مسخرة,jhsc,jordanian,not_hate,,1.0,positive,
jhsc_1363128028856004615,"نفسي افهم شو اللي بضحك واحد ثار معه حادث لا وفارط ضحك بطريقه هستيريه وضحكات بتخزي ههههههههههههه
",jhsc,jordanian,not_hate,,1.0,positive,
jhsc_565821571118272512,ليش كل الصحافة يوم النتائج بتكون في عمان الغربية وكل الصور للبنات و بختاروها تكون احلى من ملكة جمال الاردن الختارها وزارة الاثار المصرية.,jhsc,jordanian,not_hate,,1.0,neutral,
jhsc_614218619694661632,صابك غرور والغرور لما يصيب مشكله ....,jhsc,jordanian,not_hate,,1.0,positive,
jhsc_621007968344109000,صوماً مقبولاً و إفطاراً شهياً @ ملح و زاد,jhsc,jordanian,not_hate,,1.0,positive,
jhsc_812780690978836481,يزم اذا ابوي اقتنع بالحكي هاظ زمان وانا بدرس رح حطني مدير مدرسه  زمان اقتنع الهندسه علفاضي,jhsc,jordanian,not_hate,,1.0,neutral,
jhsc_738141466577408000,انه هاي البنت ما بدها تتزوج و ابصر شو! يعني مجبرة تعطي سبب مقنع للرفض مع انه برأي انها ما بدها او ما بتفكر بالموضوع هلا سبب كافي!,jhsc,jordanian,not_hate,,1.0,positive,
jhsc_456446027864633024,حدثني عن الغباء .. أحدثك عن أحلام . Neeeeeeext ...,jhsc,jordanian,not_hate,,1.0,positive,
jhsc_526318685669957633,اتوقع رح نسيطر الا ع افضل حارس،ودي ماريا مظلوم فيها,jhsc,jordanian,not_hate,,1.0,positive,
jhsc_1299352925047791616,"حرام عليك يا صاحبي شكلك مش كاين تدرس أنا درست واجتهدت وتعبت عحالي وتجميعي ٣٣ 
",jhsc,jordanian,not_hate,,1.0,positive,
jhsc_988783761356619776,حرقتي كرتيييييييي فوق ما هو محروق  اه والله يا دكتورة اني حساسة وبحبش ااذي حدا عشان هيك كنت لطيفة بالبداية بس ابلش افهم اني اخدت عالحدا بطلع الغول الي جواتي قصدك الناس الفخمة ، لسا اليوم اكلت منسف مرتب  مش بردو انتي جبتيلي شوكولا ، مبروك لقد ريحتي شقة في قلبي,jhsc,jordanian,not_hate,,1.0,positive,
jhsc_1264478474842116096,"تم اصابة الوسط الفني بفايروس كورونا
",jhsc,jordanian,not_hate,,1.0,positive,
jhsc_956977414818746368,حتى المواعيد كذابين فيها النيه تطبيق الاسعار بوافق ٢/١,jhsc,jordanian,not_hate,,1.0,positive,
jhsc_1293687450754265089,"فكرة إنّي أكرهك وأتمنّالك الشر عمري ما عملتها، أنا يا بحبك يا كلك ما بشوفك. وسلامتك
",jhsc,jordanian,not_hate,,1.0,neutral,
jhsc_471314341933764608,ومهما فعلتم فلن يرضى عنكم السيسي ومن معه لئنكم بنظره كالنائحه المستئجره لها دور محدد,jhsc,jordanian,not_hate,,1.0,positive,
jhsc_565571488800337921,لا تترك الأب توب مره ثانيه و انت رايح على الحمام,jhsc,jordanian,not_hate,,1.0,neutral,
jhsc_501734416524144641,شو رأيك بالنسبه لمهرجان البيجاما ؟؟؟شعب فاضي أشغال,jhsc,jordanian,not_hate,,1.0,positive,
jhsc_1325367769362292737,"كان يكتب بالعرب اليوم مقالات مرتبة لما كان رئيس تحرير بس فعلا يلعن ابو الرخص 
",jhsc,jordanian,not_hate,,1.0,positive,
jhsc_1068965600779747328,خجلتُ من نَفسي عِندما أدركتُ، أنّ الحياة حفلةٌ تنكَرية، وأنا حضرتُها بوجهي الحقيقي. فرانس كافكا,jhsc,jordanian,not_hate,,1.0,neutral,
jhsc_767762487005577218,بالنسبه للجميع  العطله الرسميه من تسكيرتي للجامعه حتى ٢٥/٩ ! .. نقطه .,jhsc,jordanian,not_hate,,1.0,neutral,
jhsc_633888431131639808,“ يارب ! وإن نامت أجزائي تحت التراب وكنت نسيآ منسيآ هب لي من يدعو لي دائمآ دون ملل !!! ”,jhsc,jordanian,not_hate,,1.0,positive,
jhsc_560949727894589443,الأفكار الجيده تحمل ثماراً طيبه ، والأفكارالرديئه تحمل ثماراً فاسده ، والأنسان هو البستاني في حديقة أفكاره .,jhsc,jordanian,not_hate,,1.0,positive,
jhsc_530301596630929409,مكتب يرحب بتصريحات رئيس حكومة اقليم التفاصيل:,jhsc,jordanian,not_hate,,1.0,positive,
jhsc_1447346106564755457,"""أصبحنا لله حامدين وعابدين وشاكرين وذاكرين اللهم اجعلنا ممن عفوت عنهم ورضيت عنهم وغفرت لهم وكتبت لهم الجنة وحرمتهم عن النار اللهم إنا نحتسب يومنا هذا لوجهك الكريم @ Amman",jhsc,jordanian,not_hate,,1.0,neutral,
jhsc_560589119449886720,لا انا بقول اذا هي الي ببالي كهربيها وريحيني منها,jhsc,jordanian,not_hate,,1.0,neutral,
jhsc_584030284489719809,ما نعرف بالطبقات و تقسيمات عمان و المحافظات! كنا بسيطين,jhsc,jordanian,not_hate,,1.0,neutral,
jhsc_1304012849317122053,"بهالدنيا السُمر الله خَلقهن .. حط الهَضم كلو في خِلقهن لحتى يزيد في عذابي خَلقهن..... سمرا وما روى عنها الكتاب  غزل بابا الله يرحمه فيي 
",jhsc,jordanian,not_hate,,1.0,positive,
jhsc_707638363826888705,زينيت حرام يطلع ... فريق افضل بكل المقاييس من بنفيكا,jhsc,jordanian,not_hate,,1.0,neutral,
jhsc_696418326814310400,عطاف الطراونه ومجلس النواب غير راضيين عن اداء الحكومه الاقتصادي ويطمح بعدم التعامل كفرديه مع بعض المؤسسات,jhsc,jordanian,not_hate,,1.0,neutral,
jhsc_472477206866718976,الغريبة ناس بتعمل بلوك و هيا اصلا عيزا بلوك مت اول ما فتحت تويتر يلا ربنا يصبرنا عل الحاجات الي تنفخ دي :)) مش مقصودة :)),jhsc,jordanian,not_hate,,1.0,positive,
jhsc_1284023784601792512,"ما بحب الحشرات  وما الي بالاقتصاد ولا بالس..... خلص الحبر
",jhsc,jordanian,not_hate,,1.0,neutral,
jhsc_596815229125677000,عن الشخص الي بتعشق وجوده بالتايم لاين و هو حمار لا هو عارف ولا هو حاس ,jhsc,jordanian,not_hate,,1.0,positive,
jhsc_540563846700622016,كل الحب للفووق  والكره للتحت ://,jhsc,jordanian,not_hate,,1.0,positive,
mlma_95982e17,@user @user عشان شارب بول البعير يحترم نفسه,mlma,mixed,not_hate,,1.0,abusive_disrespectful,
jhsc_466101110537609024,طائرة السفير الاردني المحرر في ليبيا تصل بعد قليل الى,jhsc,jordanian,not_hate,,1.0,neutral,
jhsc_487483513810075649,وكالة الأناضول للأنباء/ | الشرطة الإسرائيلية: إصابة 3 بجروح متفاوتة في إطلاق صواري ... - عبر تطبيق نبض,jhsc,jordanian,not_hate,,1.0,positive,
jhsc_1296044441569054720,"""فايروس يهدد البشرية هل يستطيع روبرت لانغدون ايقافه، الجحيم متوفر باللغتين Price: Jod 5 Delivery fees only """"Jod 1.5""""  0795346987 @ Amman",jhsc,jordanian,not_hate,,1.0,neutral,
jhsc_952254685162983424,والله حرام هذااا دكه والمعيوف اساسي,jhsc,jordanian,not_hate,,1.0,positive,
jhsc_1038567543189975040,اه وهو بولع السيجاره,jhsc,jordanian,not_hate,,1.0,positive,
jhsc_1231144457162153984,"وكالة عمون الإخبارية/ عاجل مزارعو الأردن يهددون بوقف توريد الخضار للسوق المركزي - عبر تطبيق نبض
",jhsc,jordanian,not_hate,,1.0,neutral,
jhsc_491301760724529152,شرفاء فتح شهداء,jhsc,jordanian,not_hate,,1.0,positive,
jhsc_629989005199867904,: : هلا بصقور الملعب هلا بالعرباويه  : اشتقنا ي الزعيم والله اشتقنا…,jhsc,jordanian,not_hate,,1.0,neutral,
jhsc_1215655089333030917,"مرحبا يا جماعة .. مين بفهم بالقطط او اذا في حد طب بيطري سينير !
",jhsc,jordanian,not_hate,,1.0,neutral,
jhsc_578842432919372000, طب اشربي شي بتهضمي ,jhsc,jordanian,not_hate,,1.0,very positive,
jhsc_544805798249897984,الصحافة الصهيونية تهاجم ريال مدريد بسبب منعه لدخول اعلامها الى البرنابيو .. شكرا بيريز,jhsc,jordanian,not_hate,,1.0,positive,
jhsc_1264488128104009729,"هههههههههههههه والله مو ملاقي تلك قصه تحكي فيها
",jhsc,jordanian,not_hate,,1.0,neutral,
jhsc_949884653137289216,لااااا.. مش بالزبط كده .. ما رح توصل لهاي المرحلة مع احترامي الشديد الك .. هي بالنهاية انه الأطفال بحبو التقليد قي كل شيء .. واكيد لاحظتي انه عّم يأكل سندويش وميقن انها ما بتنصح  وهي عكس ذلك تماماً,jhsc,jordanian,not_hate,,1.0,positive,
jhsc_769647591764221953,مش طالبه يكون مظهرو رائع ، بس اشي منطقي و مقبول بس,jhsc,jordanian,not_hate,,1.0,positive,
jhsc_1435124870971641863,"ولا حتى مثل نفسية نتنياهو وهو مالوش دخل بالحكومة 
",jhsc,jordanian,not_hate,,1.0,neutral,
jhsc_947826245059751936,وله صهيب ليش بتعامل احمد هيك،؟؟ ارجع اكتلك يعني؟ خلص كبرتو عهاي السوالف اعقلو,jhsc,jordanian,not_hate,,1.0,positive,
jhsc_1395745898072772615,"لا خلص تقريبا رجعت الكهرباء بكل مناطق المملكة
",jhsc,jordanian,not_hate,,1.0,neutral,
jhsc_668099251357032448,ولا ترى العين عيباً اذا أحب القلب قلباً,jhsc,jordanian,not_hate,,1.0,positive,
jhsc_662593840596034000,صاحب البوست شكله ابوه مفهمه انه اخته بتنباع بيع,jhsc,jordanian,not_hate,,1.0,positive,
jhsc_758678625734520833,حسبة بسيطة توضح حجم مأساة كبيرة,jhsc,jordanian,not_hate,,1.0,positive,
jhsc_1233866154223001600,"علينا من الدنيا ضغوطٍ تهدّ الحيل فلا تحسب إن الله خلقنا على شانك
",jhsc,jordanian,not_hate,,1.0,positive,
jhsc_1455636601393061898,"ديباي بيمنع اهداف كمان
",jhsc,jordanian,not_hate,,1.0,neutral,
jhsc_543561985434976256,""" كاسياس:ضربة الجزاء كانت نقطة مهمة لانهم لو عدلواالنتيجة لكانت المباراة مختلفة،بعدها الفريق دخل في المباراةوكانت ردة الفعل جيدة",jhsc,jordanian,not_hate,,1.0,neutral,
jhsc_1228981056809902082,"الحلو راق ولا بعدو متيس ؟
",jhsc,jordanian,not_hate,,1.0,neutral,
jhsc_1281052553975926784,"نعم نقدر عاليا هذه الديناميكية الأردنية وهي في أقصى درجات سرعتها في المحافل الدولية لمنع الضم الأسرائيلي. ولكن اين العرب؟ اين الأتحاد الأوروبي.
",jhsc,jordanian,not_hate,,1.0,neutral,
jhsc_1463843953325846533,"اصلا الي المفروض يعملوا احتجاج على قرارات الحكومة بخصوص التعليم الامهات لانهم هما الي ماكلين هوا موظفات وزوج وبيت وتدريس وضغط بأم الحياة والحكومة بس شاطرة تنزل اوامر دفاع واوامر بخصوص التعليم الفاشل ولما اروح ع المدرسة اسأل استاذ اشي بخصوص التدريس بتركني بحكي وبمشي 
",jhsc,jordanian,not_hate,,1.0,neutral,
jhsc_673185230514204673,يلعن ولا بلاش يا اوباش,jhsc,jordanian,not_hate,,1.0,positive,
jhsc_733390738961117184,استغفرالله العظيم من كل ذنب عظيم,jhsc,jordanian,not_hate,,1.0,neutral,
jhsc_797934040544198656,أستغفر الله الذي لا إله إلا هو الحي القيوم و أتوب إليه .. سبحان الله و بحمده سبحان الله العظيم,jhsc,jordanian,not_hate,,1.0,neutral,
jhsc_1219979101785743360,"Jordan Mix  w: العقبه ااشاطئ الجنوبي
",jhsc,jordanian,not_hate,,1.0,neutral,
jhsc_718099211078791174,الدول الي بتعتمد باقتصادها ع القطاع العام مثل الشب الي ابوه بعده بصرف عليه,jhsc,jordanian,not_hate,,1.0,neutral,
jhsc_1213367030340104192,"لمن أذنب ذنبا عظيما وترحم على كافر تب الى ربك قبل أن تلحق به الله لايرحمه هو ومن على شاكلته
",jhsc,jordanian,not_hate,,1.0,positive,
jhsc_457985320668388992,وفي هذا اليوم افتقدت لـ ، يا عيبكم ما حدا فقدو ، لك من قلبي سلام.,jhsc,jordanian,not_hate,,1.0,positive,
jhsc_552248951269625856,اللهم إن البرد من أمرك يأتمر بأمرك اللهم بدّله دفئاً على كل محتاج على فقير على كل لاجئ على كل من يعمل عملاً يُرضيك.,jhsc,jordanian,not_hate,,1.0,neutral,
jhsc_651512199127670784,- جيفارا ؛ نفسي انسخ مخه و اصير اتثقف منه. انسان فريد.,jhsc,jordanian,not_hate,,1.0,positive,
jhsc_1345511855071109125,"الكل بدو ياخذ اللقاح خاوة مع مرور الاشهر لا بتركب باص ولا بتدخل مطعم ولا بتمشيلك معاملة غير لما يشوفوا منك ... عقولة الهياجنة من الآخر الكل بدو ياخذوا
",jhsc,jordanian,not_hate,,1.0,neutral,
jhsc_1230234316233433094,"احتفظ بإبتسامتك بعيداً عن بؤس العالم وقذارته... تستحق السعاده فلا تعبس، اعتنِ بنفسك جيداً ، لا تجعل أحداً يؤثر على مسار حياتك، قراراتك، علاقاتك،قناعاتك أو حتى مزاجك، كن كما تحب... كن كما تريدُ أنت ....
",jhsc,jordanian,not_hate,,1.0,positive,
jhsc_620307541843546112,بحس الدلفين الطف حيوان بالحياه,jhsc,jordanian,not_hate,,1.0,positive,
jhsc_596743823000141824,و واضح انها السنة هاي اصلا بعيدة عن النزاهة نوعا ما,jhsc,jordanian,not_hate,,1.0,positive,
jhsc_1438610840563892227,"ههههه رح ارسب مقدمه الفصل للجاي هاي اول ماده رسبنا فيها.
",jhsc,jordanian,not_hate,,1.0,neutral,
jhsc_1327410053456998401,"كنت باكل هريسه الواضح مش مجاوبه 
",jhsc,jordanian,not_hate,,1.0,neutral,
jhsc_752439046455062528,اشوي من صاحبي الكلب هسا عرفت انه متجوز باميركا وتفاجئت ولا بعمد بابنه بالكنيسه بقله مين هاظ بقلي ابني عملتله بلوك الحيوان,jhsc,jordanian,not_hate,,1.0,positive,
jhsc_573035551042904064,“ ليس عليكَ أن ترد الجميل ولكن كُن أرقى من أن تُنكره .”,jhsc,jordanian,not_hate,,1.0,neutral,
jhsc_1062296895408824320,في الكرك حيث أتشرف بتقديم تدريب لمدة أربعة أيام لمجموعة من القيادات الشبابية في المدينة حول إطلاق المشاريع الريادية والإبتكارية ضمن مشروع بداية بالشراكة مع مؤسسة TTI و Spark.,jhsc,jordanian,not_hate,,1.0,positive,
jhsc_1051450919429296128,تكفي هيبئة الملوك على آل سعود أجميع حفظهم الله .... ليسو كباقي الرؤساء للدول المجاورة للسعودية,jhsc,jordanian,not_hate,,1.0,positive,
jhsc_1460139455633887232,"هو عارف وضع النادي و لا بدو صلاح بشي ثاني ؟!
",jhsc,jordanian,not_hate,,1.0,positive,
jhsc_1077962996419313664,توقيع على الورق بدون انشاء كله سلخ حكي كذب,jhsc,jordanian,not_hate,,1.0,positive,
jhsc_810843757142769666,لما تلفزيون دولة يكون غايب عن خبر مهم مثل هيك ومواطنيها يتحروا الخبر على القنوات الفضائية يجب اقالة وزير الاعلام,jhsc,jordanian,not_hate,,1.0,neutral,
jhsc_563373045348598000,لازم تحط راتبك الاسبوعي مش الشهري  تحطيم بزيادة,jhsc,jordanian,not_hate,,1.0,positive,
jhsc_484238382772396032,مستوطنون يهود يختطفون فتى فلسطينيا كان متوجهاً لصلاة الفجر اليوم و يقتلونه و يحرقون جثته قرب مخيم شعفاط في القدس المحتلة,jhsc,jordanian,not_hate,,1.0,positive,
jhsc_1047133441643433984,الدور الذي تريده امريكا لإير ان أن تكون بعبع لإستغلال الدول الخليجية,jhsc,jordanian,not_hate,,1.0,positive,
jhsc_513739466804973569,يقول احد القضاة : لم تصلني قضية لفتاة تعق والديها بل كلهم ابناء ذكور؛ ومع هذا إلى الآن يوجد من يحزن إذا رُزق بَ فتاه !,jhsc,jordanian,not_hate,,1.0,positive,
jhsc_753449078986575872,لا واذا موعاجبك في صوره اقوى بالف مره من هذه مع ايران على شان يعرفون انهم صفر على الشمال,jhsc,jordanian,not_hate,,1.0,positive,
jhsc_552202869638566000,لا تتعلق بشئ فكُلنا ذاهبون،، وإن أحببت فحب بصمت،، لا داعي للجنون فما الحياه سوى مطار ،، قادمون و مغادرون،،,jhsc,jordanian,not_hate,,1.0,positive,
jhsc_1242646382512672769,"الجاهل عدو لنفسه!!
",jhsc,jordanian,not_hate,,1.0,positive,
jhsc_1007557225521524736,أكيد بس انا افترضت كشف الوجه واليدين فقط، و بدون أن يكون البيت مشمسا حتى,jhsc,jordanian,not_hate,,1.0,positive,
jhsc_1448976448346275840,"مش مشكلة  صقر لقب كان الكل يحكيلي صقر ف لزق فيي
",jhsc,jordanian,not_hate,,1.0,neutral,
jhsc_1063657467010269184,و انتِ ايش حشرك,jhsc,jordanian,not_hate,,1.0,positive,
jhsc_578235347458338000,وبعز يلي انت فيه رح تلاقي حمار بحسدك,jhsc,jordanian,not_hate,,1.0,positive,
jhsc_1285551090138783744,"في ساعات أيام العشر يكون الارتباط بالخالق جل جلاله من خلال القلوب الطاهرة الزكية التي استشعرت عظمة الجهاد في سبيل الله. العشر فرصة لعلاج الأمراض القلبية فرصة التقرب والتحبب لله الواحد الأحد فرصة لنرسم بأعمالنا الصالحة مسار الانتصار للأمة.
",jhsc,jordanian,not_hate,,1.0,neutral,
jhsc_607579208085204992,رح يصيبني سرطان جلد قد ما بكتب غش عايدي....بس المشكله عالفاضي.,jhsc,jordanian,not_hate,,1.0,positive,
jhsc_1003457743943012352,ضيقة صدر مدري هُموم وتفاكير بس الوكاد الحال يفرح عدوّي ..,jhsc,jordanian,not_hate,,1.0,neutral,
jhsc_1381882164564926465,"عائلة من بلدة بلعا قضاء طولكرم تفقد 3 من رجالها بفارق ايام متأثرين باصابتهم بفيروس كورونا
",jhsc,jordanian,not_hate,,1.0,positive,
jhsc_1007584311615336448,اللهم فرحة أنجلط من وراها وأموت  خلص,jhsc,jordanian,not_hate,,1.0,positive,
jhsc_457846702704459776,"بفيدك جداً بمحاضرة ""علوم سياسية ""، لما الدكتورة بتكون بتنازع وهي بتحكي ورقمك ٤٩!! جدا مفيد",jhsc,jordanian,not_hate,,1.0,positive,
jhsc_514366570571649024,القائد العام للقوات المسلحة يامر باحالة على التقاعد التفاصيل:,jhsc,jordanian,not_hate,,1.0,neutral,
jhsc_964213213213716480,نادي الفيصلي نادي عشائر نادي وطن مش للعدوان مع احترامي لاعشيرة العدوان شيوخ البلقاء,jhsc,jordanian,not_hate,,1.0,positive,
jhsc_975408645923057664,و إن كتب الله لي الرحيل .. فلا تنسوني من طيب دعاكم,jhsc,jordanian,not_hate,,1.0,positive,
jhsc_581373991220167000,والي بسويه في سوريا ؟,jhsc,jordanian,not_hate,,1.0,very positive,
jhsc_574206449926066176,في المواقف هاي بتحس إنه رح ينزل عليهم عقاب فوري من السما، بس ان شالله لأ لإنك هناك :),jhsc,jordanian,not_hate,,1.0,positive,
jhsc_988603107637637120,ما حليت ولا صفحة و نفسي انتحر!,jhsc,jordanian,not_hate,,1.0,positive,
jhsc_622346503743389696,تويتر ميت ولا انا متحمس زيادة عن اللزوم ؟,jhsc,jordanian,not_hate,,1.0,positive,
jhsc_536937610959007744,يا رفعت الشوكلا الطيبه هيي السويسريه مو الامريكيه,jhsc,jordanian,not_hate,,1.0,neutral,
jhsc_621107162660515840,هالأسمراني جماله فتنا,jhsc,jordanian,not_hate,,1.0,positive,
jhsc_556927105296912000,سوري ،،، مش من هاي النوعيه انا ، قال اكمل اغاني قال,jhsc,jordanian,not_hate,,1.0,very positive,
jhsc_1346737554356396034,": محكمة الاحتلال العسكرية تؤجل محاكمة الأسير المهندس محمد الحلبي من قطاع غزة، حتى تاريخ 14/1/2021 وستكون المحكمة الـ 155 التي يعرض فيها على محاكم الاحتلال منذ عام 2016 دون إدانة أو اعتراف بالتهم المنسوبة إليه .
",jhsc,jordanian,not_hate,,1.0,positive,
jhsc_762960939486416000,و في اكتر من جهة بتقول انهم خلية ارهابية,jhsc,jordanian,not_hate,,1.0,positive,
jhsc_1412698077924839424,"الكل هيك سجلت نادي انا لسا ما بلشت بعد العيد رح ابلش سبحان اللّٰه صار في دوام حسبي اللّٰه بالصين 
",jhsc,jordanian,not_hate,,1.0,positive,
jhsc_957249170951299072,منورة الكون من دوووووون كهرباااااااااااااااااااااااااااااااااااااااااااااااا انتى دوم,jhsc,jordanian,not_hate,,1.0,positive,
mlma_43bbfaaa,بالفيديو.. الكلباني يرجِّح جواز دخول اليهود والنصارى للمساجد .. وهذا ما قاله عن النظر لوجه المرأة! @url,mlma,mixed,not_hate,,1.0,normal,
jhsc_1021130467448410112,الغرفه الي فيها عتمه كانت عقاب النا واحنا صغار هسا اكتر مكان بنرتاح في,jhsc,jordanian,not_hate,,1.0,positive,
jhsc_746291734154477568,كاميرون بره والجنية أسوأ سعر صرف له منذ عام 1985 واسكتلندا وايرلندا الشمالية تهدد بالخروج وجاريث بيل أصبح أجنبيا في الريال,jhsc,jordanian,not_hate,,1.0,neutral,
jhsc_1335608191405740039,"أهدرت عمري في الإشاحة بوجهي عن ماهو جلي القصد.
",jhsc,jordanian,not_hate,,1.0,neutral,
jhsc_507821633684262976,": لا تبخلوا. بنشر الدعاء فلمن دعوتم لهم اجرهم ولكم اجركم لا ينقص منه شيئا رددوها علها ساعة استجابه وصلوا على محمد واله وصحبه. اجمعين""",jhsc,jordanian,not_hate,,1.0,neutral,
jhsc_1457950571533684740,"خلينا كدا على طول ماشيين مرامانا الهوا ونعشنا والي شبكنا يخلصنا
",jhsc,jordanian,not_hate,,1.0,neutral,
jhsc_496788028707188736,"غلاف السبورت : ميسي الجديد نيمار جاهز لبداية الموسم الفيس سيبقى في برشلونة التوقيع مع فيرمالين فقط""",jhsc,jordanian,not_hate,,1.0,neutral,
jhsc_689088697019531264,شكلي و انا انتظر علامة الجنتكس,jhsc,jordanian,not_hate,,1.0,neutral,
jhsc_652098563846066000,يا اخي و بعدين بقصة هالباصات ؟,jhsc,jordanian,not_hate,,1.0,neutral,
jhsc_576334790896435200,فعلت مكالمات الواتس اب اخيراً,jhsc,jordanian,not_hate,,1.0,neutral,
jhsc_1067469344559546368,اهوا خاسرني گان يحبني بس شسوي جبرني فرقاهه,jhsc,jordanian,not_hate,,1.0,neutral,
jhsc_469971294583136257,ضميرك راح يسوي نفس هذا,jhsc,jordanian,not_hate,,1.0,positive,
jhsc_564488911649394688,ها العبد شوف القصه اليديده,jhsc,jordanian,not_hate,,1.0,neutral,
jhsc_817471488186089472,نفسي احكي مع حدا بعمق,jhsc,jordanian,not_hate,,1.0,neutral,
jhsc_769492748999200771,اتخيلي عاد ماشي بالشارع ومعي لعبة بتسلى فيها,jhsc,jordanian,not_hate,,1.0,neutral,
jhsc_500277220888170497,إعلان سخيف على ال linked in طبعاً بدون تخمين المعلن من الأردن,jhsc,jordanian,not_hate,,1.0,positive,
jhsc_1055107165432750080,يعني طلع اصله عربي,jhsc,jordanian,not_hate,,1.0,neutral,
jhsc_539459850762088000,الجمهور حرق الملعب ,jhsc,jordanian,not_hate,,1.0,positive,
jhsc_1335107518972964865,"وكان هذا مطرها وليلها .. وكان هذا إكتمال سحرها
",jhsc,jordanian,not_hate,,1.0,neutral,
jhsc_658689965505815000,انا اتعلمت شغلة وحدة قبل امتحانات وعد ما احكي معها البنت بصير معها Verbal diarrhea,jhsc,jordanian,not_hate,,1.0,positive,
jhsc_672942487409946624,القلب بيت شيوخ ماهو بفندق ماكل من زاره حبيبي سكن فيه... ودك تصدق ... ماتبي لاتصدق قلبي تربى مايبي من يربيه ...,jhsc,jordanian,not_hate,,1.0,neutral,
jhsc_1463253544023334915,"""ما رأيك ان تستغفر الله في هذه اللحظه """"فقلت استغفروا ربكم إنه كان غفاراً يرسل السماء عليكم مدراراً، ويمددكم بأموال وبنين ويجعل لكم جنات ويجعل لكم أنهاراً"""" نحن بحاجه الى المطر من الله تعالى. ادعوا اللهم أسقنا الغيث ولا تجعلنا من القانطين""
",jhsc,jordanian,not_hate,,1.0,neutral,
jhsc_1265647508551864323,"الدموع دليل المحبة، لكنها ليست العلاج.
",jhsc,jordanian,not_hate,,1.0,neutral,
jhsc_754563987145125888,ايوة اتغيرت بسمع اسمك و لا بتأثر مبقتش كمان تيجي في بالي و لا على ايامك بتحسر ولا زى زمان بالنسبالي,jhsc,jordanian,not_hate,,1.0,neutral,
jhsc_735274381790851073,من التعب اخاف انام وماقوم الا صار يوم السبت,jhsc,jordanian,not_hate,,1.0,positive,
jhsc_1244540291476074496,"متركتش حل بالحياة عالفاضي
",jhsc,jordanian,not_hate,,1.0,neutral,
jhsc_614523504478654464,هاد بدون الفرض و بتتحججي كيف لو مع الفرض :-P,jhsc,jordanian,not_hate,,1.0,neutral,
jhsc_1351906484288954371,"حمى الله خادم الحرمين الشريفين امد الله بعمره بطاعة الرحمن وجعله ذخرا للإسلام والمسلمين واعز الله ملكك
",jhsc,jordanian,not_hate,,1.0,neutral,
jhsc_1356213321704349698,"وجودك بقربي مخلي الدنيا أحلى كثير قالت أحبك كلمة عادية وصارت غير. 
",jhsc,jordanian,not_hate,,1.0,neutral,
jhsc_466319415701942000,اللهم لا تولي علينا بذنوبنا من لا يخافك فينا ولا يرحمنا!,jhsc,jordanian,not_hate,,1.0,neutral,
jhsc_583374415108308992,وإن سألُوك يوماً لماذا انتَ حزين ؟ اجبّ بصدقّ قُل لهمَ . . { قليلُ الإستغفار،،هاجِر القُرآنّ } ..!”,jhsc,jordanian,not_hate,,1.0,neutral,
jhsc_496066766670290944,كوس اوختك واوخت اسلامك.اخ الشرموطه,jhsc,jordanian,not_hate,,1.0,very positive,
jhsc_1002359049789345792,حكومة إنقاذ وطني برئاسة حسين هزاع المجالي,jhsc,jordanian,not_hate,,1.0,positive,
jhsc_616690182465679360,مادام فيني نفس يذري وفيني طموح باب وراه اعتزازي...طارقه..طارقه رغم امتداد التعب عيا يموت الطموح…,jhsc,jordanian,not_hate,,1.0,positive,
jhsc_1364128942794375169,"استمرار حملة التطعيم ضد فيروس كورونا للفرق الطبية في محافظة خان يونس جنوب قطاع غزة
",jhsc,jordanian,not_hate,,1.0,neutral,
jhsc_583920358694072320,معالي وزير التربية والتعليم يتحدث مع بعض الطلاب المشاركين في,jhsc,jordanian,not_hate,,1.0,neutral,
jhsc_807258409770872832,وتسألني كيف انت؟ فأجيبك:مريض بك وكل من يمر بي يصاب بعدوى,jhsc,jordanian,not_hate,,1.0,neutral,
jhsc_565259049961549824,كان النبي (ص) إذا عصفت الريح قال: اللهم إني أسألك خيرها وخير ما فيها، وخير ما أرسلت به، وأعوذ بك من شرها وشر ما فيها، وشر ما أرسلت به.,jhsc,jordanian,not_hate,,1.0,neutral,
jhsc_1003367772850618368,الهدف ليس إسقاط الحكومة فقط إنما إسقاط النهج ..,jhsc,jordanian,not_hate,,1.0,positive,
jhsc_688907080460300293,عبيد حاله خاصه من اهل الكهف عادي,jhsc,jordanian,not_hate,,1.0,neutral,
jhsc_1463282195460759557,"اللهم إني عبدك و ابن عبدك وابن أمتك ناصيتي بيدك، ماضٍّ فيّ حكمك عدلٌ فيّ قضاؤك، أسألك بكل اسم هو لك سمّيت به نفسك أو أنزلته في كتابك، أو علّمته أحد من خلقك، أو استأثرت به في علم الغيب في علم الغيب عندك، أن تجعل القرآن العظيم ربيع قلبي، ونور بصري، وسعة صدري وجلاء حزني وهمي. 
",jhsc,jordanian,not_hate,,1.0,neutral,
jhsc_980857200276058112,٩٠ عاما من الشرف.,jhsc,jordanian,not_hate,,1.0,positive,
jhsc_525042099616358016,"معقول ؟! "" كل شيء تقوله لسيري من هاتف أبل يتم تخزينه في قاعدة بيانات في أمريكا",jhsc,jordanian,not_hate,,1.0,neutral,
jhsc_1224953474124787712,"أّلَلَهّـمً ربً أّلَسِـلَأّمً  أّنِﺰلَ طِمًأنِيِّنِتٌـکْ عٌلَئ کْلَ قُلَبً أّرهّـقُتٌـهّ أّلَحًيِّأّة.  اللهم أرحم ضعف وقلة حيلتها وخفف عنها كل ألم يااااارب.
",jhsc,jordanian,not_hate,,1.0,neutral,
jhsc_496980699451100992,كم أكره المستشفيات,jhsc,jordanian,not_hate,,1.0,positive,
jhsc_1370280539643641860,"الله يرحمه ويغفرله ويحشره مع الصديقين والشهداء بس لفت نظري الرقمين الي بالاخر تحت تاريخ الوفاة ما هي دلالتهم !؟؟
",jhsc,jordanian,not_hate,,1.0,neutral,
jhsc_1003439961654296576,بجاه اذان الفجر ربي يحفظ النشامى والجيش والأردن وملكهاااا .. ربي يديم الأمن والأمان على طول وينظف هالبلد من السحيجة والحرمية,jhsc,jordanian,not_hate,,1.0,positive,
jhsc_1332014136159588353,"صديقي الاستاذ عامر الرجوب تصريحات المسؤولين اشي والواقع شي ثاني بتوجعوا راسنا كل يوم على الفاضي.
",jhsc,jordanian,not_hate,,1.0,positive,
jhsc_454137279922331648, ناجح!!!! لعاد لا تخاف زابطة أمورك حتى بدون بحث  لو غششوني بجيب كامل ,jhsc,jordanian,not_hate,,1.0,positive,
jhsc_948979612415078400,للأشياء الجميلة التي تسعدك ، حاول إخفائها عن العابرين واجعلها سراً بينك وبين نفسك.. فكل شيء يعرفه البشر يفسدونه ..,jhsc,jordanian,not_hate,,1.0,positive,
jhsc_522770067008655360,أنا حدا بطلع كل أيام الأسبوع إلّا الخميس .. قرف و أزمة,jhsc,jordanian,not_hate,,1.0,positive,
jhsc_776568596642328576,ضل حدا بالوطن العربي ما عرف؟,jhsc,jordanian,not_hate,,1.0,neutral,
jhsc_1334064616859643904,"""مراسل موقع """"والا"""" العبري،باراك رافيد: خصم رواتب الأسرى من أموال المقاصة لن يتم اليوم، سيبدأ من شهر ديسمبر بواقع 50 مليون شاقل شهرياً.""
",jhsc,jordanian,not_hate,,1.0,neutral,
jhsc_1395648042221588480,"الفضل لله أولا والحماس العزة والشرف ثانيا
",jhsc,jordanian,not_hate,,1.0,neutral,
jhsc_462808790690455552,مما سرقت لكم,jhsc,jordanian,not_hate,,1.0,positive,
jhsc_1029960588640874496,ارتفاع نسبة رواسي الكويت بشركة المغاربية٢٩.٢٣٪,jhsc,jordanian,not_hate,,1.0,neutral,
jhsc_490685208631328768,هو انت يا ابراهيم حمامي لو تنخرس بكون احسن لاهل غزه انت قاعد في لندن وبتنظر من بعيد وبزيد على النار كاز ولك ابادات قاعد بصيرفي غزه ارحموها,jhsc,jordanian,not_hate,,1.0,positive,
jhsc_726587549079207000,في فتره من الفترات يجتمع عليك كل شۓ تحطيم أحلامك تعبك الجسدي ذكرياتك المرة وبكاؤك الحاد فصبرا جميل والله المستعان,jhsc,jordanian,not_hate,,1.0,positive,
jhsc_670551846717648897,اكيد مظلومه ونعملت عليها مؤامره خطيره وكبيره,jhsc,jordanian,not_hate,,1.0,positive,
jhsc_574711167869841000,""" “في خدودك ورود وفي عيونك كسل وفي وصالك برود وفي يدينك دفا وفي زفيرك عبير وفي شفاهك عسل وفي كلامك حياه وفي سكوتك جفا”""",jhsc,jordanian,not_hate,,1.0,positive,
jhsc_723831168785768000,شوفوا ي حرام ,jhsc,jordanian,not_hate,,1.0,positive,
jhsc_759334718630420480,تخيلوا يبنات وحده من فولوينق فقدتها وادور عحسابها بالسيرش ماحصلت يعني واضح اجتهادي آخر شي احصلها عند حساب وحده مسويه بلوك انبلوك؟ ؟؟؟؟؟؟؟,jhsc,jordanian,not_hate,,1.0,positive,
jhsc_1221363846088208384,"عاجل حلب المجاهـدون يغتنمون دبابة ل قطعان المنظومة الإجرامية على محور خلصة بريف حلب الجنوبي
",jhsc,jordanian,not_hate,,1.0,positive,
jhsc_1232829943089975296,"صورة بتحس طعمها بتمك وريحتها بانفك وصوتها باذنك 
",jhsc,jordanian,not_hate,,1.0,neutral,
jhsc_469680923957411000,"آلحزن "" ماخذ من الخافق حظوظ "" والفرح "" لحظه يجي ثم يخـتـفي !""",jhsc,jordanian,not_hate,,1.0,neutral,
jhsc_710438540111380480,عزيزتي البنت الجامعية الواعية و الفهمانة المصلى للصلاة مش للاكل و النوم وحتى الدراسة بصوت عالي و شكرا .,jhsc,jordanian,not_hate,,1.0,positive,
jhsc_746018195732054016,حاب اصورلك المنظر بس حزناً عليها سكتت لاجلك يا عجرمية,jhsc,jordanian,not_hate,,1.0,positive,
jhsc_744168938007896064,قبل اربع اشهر كان الي بده يفتح معي موضوع يجيبلي معه سندويشه اكلها بعدين ابلش اسولف معه,jhsc,jordanian,not_hate,,1.0,positive,
jhsc_681489272327778304,كميه الملل والزهق اللا منتهيه,jhsc,jordanian,not_hate,,1.0,positive,
jhsc_492473212110774000,اذا ابي احرق اعصاب احد اقرأ وما ارد .,jhsc,jordanian,not_hate,,1.0,positive,
jhsc_1427663566430158848,"بمر بازفت فترة نفسياً و صحياً و دراسياً و اجتماعياً و كل اشي 
",jhsc,jordanian,not_hate,,1.0,positive,
jhsc_986488103979372544,المشكلة الي حلها مصاري مش مشكله,jhsc,jordanian,not_hate,,1.0,neutral,
jhsc_772568354561417216,""""" من الناس الي قلبهم طيب جداً لدرجة العميان احياناً حلو الواحد يكون منيح و قلبو صافي بس مش دايماً بزبط الشخصيه الي تقريباً محبوبه للكل",jhsc,jordanian,not_hate,,1.0,neutral,
jhsc_1011996719972831232,السويد مركز أول!! ألمانيا أووت ؟؟!! معقول,jhsc,jordanian,not_hate,,1.0,neutral,
jhsc_1014889618196615168,والحل يكون عند الهاشميين بطولة مفاوضات لا روسية و لا أمريكية بل أردنية هاشمية في دوحة العرب عمان,jhsc,jordanian,not_hate,,1.0,neutral,
jhsc_592037207570952000,الحمد لله حمدا كثيراً طيباً مباركاً فيه كما ينبغي لجلال وجهك وعظيم سلطانك,jhsc,jordanian,not_hate,,1.0,very positive,
jhsc_592692450499629056,ممممممم بنظري بتنفع بذات بمجتمعنا هاد بس بالاخر انت حكتلي السمعه شي مو ملموس,jhsc,jordanian,not_hate,,1.0,neutral,
jhsc_1396940377282813953,"رمز الشجاعة والجرأة وصاحب الحق مابخاف لو ألف جيش قدامه. الله يحميكي وينصركم يارب 
",jhsc,jordanian,not_hate,,1.0,neutral,
jhsc_565438298198638592,هههههه حبيبت الفكره .. يزم الاردنيين كلشي بيعملوه,jhsc,jordanian,not_hate,,1.0,neutral,
jhsc_1212455009088090113,"كنت عندكم من اسبوع 
",jhsc,jordanian,not_hate,,1.0,neutral,
jhsc_638600876030951425,أعمل نفسك ميت,jhsc,jordanian,not_hate,,1.0,positive,
letmi_c8821ede,@DimaSadek @LBCI_NEWS يا ديمة وين الخوذة���,letmi,levantine,not_hate,,1.0,none,
jhsc_1225396644428107781,"خرج ترامب من محاكمته منتصرا وهذا ما توقعته في تغريدة لي في شهر نوفمبر .
",jhsc,jordanian,not_hate,,1.0,neutral,
jhsc_554537459891990528,المباراه منقوله ع فلسطين لايڤ او الرياضيه اللي بحب يحضرها,jhsc,jordanian,not_hate,,1.0,neutral,
jhsc_649767144339697664,الاقرباء هم من يتمنون فشلنا كي لا يشعرون بالنقص......,jhsc,jordanian,not_hate,,1.0,positive,
jhsc_542391180697157632,بعض الرسائل التي تصل تكون مغلوطة اما بالنسبة لما سبق كانت و الحمدلله ناجحة و الفاعل لا يريد منها شهرة او حمدا,jhsc,jordanian,not_hate,,1.0,positive,
jhsc_1039264826089005056,خلينا نضحك شوي بصراحه ابوه مثل ابوي هههههه حفظكم الله وحفظ اباءكم ورحم الميت منهم,jhsc,jordanian,not_hate,,1.0,positive,
