text,label,hate_type,dialect,source
@DimaSadek يا هبيلة الهبلان ديما صادق صور والنبطية عم يثورو عا معلمك نبيه بري قبل كل الناس لانه حركة الظالمين حرقة قلبهم,hate,gender,levantine,letmi
"@ALJADEEDNEWS مجموعة مسلحة 
فتانة رقم واحد 
نانسي السبع",hate,gender,levantine,letmi
@Hasan_S_88 @DimaSadek العمى شو وقحة عنجد❗️لا و رافعة الكلفة كمان,hate,gender,levantine,letmi
@user @user هولاء مجموعة من خنازير أمريكا,hate,race,mixed,mlma
": محكمة الاحتلال العسكرية تؤجل محاكمة الأسير المهندس محمد الحلبي من قطاع غزة، حتى تاريخ 14/1/2021 وستكون المحكمة الـ 155 التي يعرض فيها على محاكم الاحتلال منذ عام 2016 دون إدانة أو اعتراف بالتهم المنسوبة إليه .
",not_hate,unknown,jordanian,jhsc
@yumnafawaz كذابة كلن يعني كلن كلكم مرتشين ومنافقين وشذاذي الراي,hate,gender,levantine,letmi
"@DimaSadek @LBCI_NEWS يا ريت يكمشوكي ويلفوكي بعلم بلدك الاصلي يعني الاسرائيلي
يا الله ما احلاها يسحبوكي من شعرك ويمسحو فيكي الارض",hate,gender,levantine,letmi
كان النبي (ص) إذا عصفت الريح قال: اللهم إني أسألك خيرها وخير ما فيها، وخير ما أرسلت به، وأعوذ بك من شرها وشر ما فيها، وشر ما أرسلت به.,not_hate,unknown,jordanian,jhsc
@DimaSadek يا فاسدة روحي شوفو زوجك الناصب تفوو يا بلا شرف,hate,gender,levantine,letmi
شوفوا ي حرام ,not_hate,unknown,jordanian,jhsc
@user @user ماذا تقول يا شارب بول البعير لعنة الله عليك وعلى ال سلول الخونة @url,hate,race,mixed,mlma
"مرحبا يا جماعة .. مين بفهم بالقطط او اذا في حد طب بيطري سينير !
",not_hate,unknown,jordanian,jhsc
@DimaSadek سدي بوزك سيد عراسك وراس اتباعك,hate,gender,levantine,letmi
تخيلوا يبنات وحده من فولوينق فقدتها وادور عحسابها بالسيرش ماحصلت يعني واضح اجتهادي آخر شي احصلها عند حساب وحده مسويه بلوك انبلوك؟ ؟؟؟؟؟؟؟,not_hate,unknown,jordanian,jhsc
@DimaSadek يا بومة يا حية يا دودة يا عقربة يا ديما,hate,gender,levantine,letmi
"@DimaSadek #ديما_الواطيه والشرشوحة والتافهة وأم الشوو اوف واللي بتحب تنسب وتتبهدل
ديما المصلحجية الكذابة اللي همها… https://t.co/hlCuCdAT2L",hate,gender,levantine,letmi
معالي وزير التربية والتعليم يتحدث مع بعض الطلاب المشاركين في,not_hate,unknown,jordanian,jhsc
 طب اشربي شي بتهضمي ,not_hate,unknown,jordanian,jhsc
"@elissianmatthi1 @DimaSadek صباط السيد حسن بنيعك
وصباط جبران باسيل عا راسك",hate,gender,levantine,letmi
@DimaSadek هولي صارو عندك كل مؤيدين المقاومة... ليش بتشملي الكل بفعل كم واحد.. حاقدة جدا انتي,hate,gender,levantine,letmi
@DimaSadek تفوووو على بداحتك #ديما_الواطية و كل اهلك كلن يعني كلن واطيين متلك و طالعة الن قذرة و مجوية,hate,gender,levantine,letmi
أستغفر الله الذي لا إله إلا هو الحي القيوم و أتوب إليه .. سبحان الله و بحمده سبحان الله العظيم,not_hate,unknown,jordanian,jhsc
اللهم فرحة أنجلط من وراها وأموت  خلص,not_hate,unknown,jordanian,jhsc
@DimaSadek يا حية انضبي وكفى بخ سم,hate,gender,levantine,letmi
@DimaSadek انا طبعا مع الحراك ، و مع تنظيمه اكتر بس لو سمحتي بقصّة سلاح المقاومة او يلي مسمّيتيها الضاحية ، عذرًا م… https://t.co/IaxS0qyrza,hate,gender,levantine,letmi
@DimaSadek إنتي عم تتخايلي إنو إذا كانوا الحزب و الحركةو طلعتي قدامن  ممكن يصير وجّك خريطة لبنان،تخيالي بس�,hate,gender,levantine,letmi
ههههههه ناطق التخالف أصلا كان شارب بول البعير. @url,hate,race,mixed,mlma
@DimaSadek ما بتقدري الا تكوني زبالة,hate,gender,levantine,letmi
﴿وَقِفوهُم إِنَّهُم مَسئولونَ﴾ [الصافات: ٢٤] واحبسوهم قبل إدخالهم النار للحساب; فهم مسؤولون; ثم بعد ذلك سوقوهم إلى النار. - المختصر في التفسير,not_hate,unknown,jordanian,jhsc
الدول الي بتعتمد باقتصادها ع القطاع العام مثل الشب الي ابوه بعده بصرف عليه,not_hate,unknown,jordanian,jhsc
@DimaSadek قلبك كبير وبيساع كتييير... رخيصه,hate,gender,levantine,letmi
@yumnafawaz لو بتسمعينا سكوتك يا إم نصف لسان.. بعد ناقصنا هيك بضاعة عتلانة همّ النازحين..,hate,gender,levantine,letmi
""""" من الناس الي قلبهم طيب جداً لدرجة العميان احياناً حلو الواحد يكون منيح و قلبو صافي بس مش دايماً بزبط الشخصيه الي تقريباً محبوبه للكل",not_hate,unknown,jordanian,jhsc
@DimaSadek هلق إنت مصدقة حالك إنك ثورية ومناضلة عن جد,hate,gender,levantine,letmi
هو انت يا ابراهيم حمامي لو تنخرس بكون احسن لاهل غزه انت قاعد في لندن وبتنظر من بعيد وبزيد على النار كاز ولك ابادات قاعد بصيرفي غزه ارحموها,not_hate,unknown,jordanian,jhsc
الاقرباء هم من يتمنون فشلنا كي لا يشعرون بالنقص......,not_hate,unknown,jordanian,jhsc
"@DimaSadek تافهة منحطة وبايخة 
#لعبي_عقدك",hate,gender,levantine,letmi
اذا ابي احرق اعصاب احد اقرأ وما ارد .,not_hate,unknown,jordanian,jhsc
@DimaSadek روحي انضبي يا غبية,hate,gender,levantine,letmi
@DimaSadek العالم كلها بدها يا يا كلبة وبدو يضل قاعد على قلبك �,hate,gender,levantine,letmi
نفسي احكي مع حدا بعمق,not_hate,unknown,jordanian,jhsc
@NicoleND22 @DimaSadek معلي بعد السحسوح بترجع تعتذر���صارت معودة,hate,gender,levantine,letmi
ومهما فعلتم فلن يرضى عنكم السيسي ومن معه لئنكم بنظره كالنائحه المستئجره لها دور محدد,not_hate,unknown,jordanian,jhsc
@DimaSadek يا معاقة، إذا الحزب بحد ذاتو طلع بيان آنو ما آلو علاقة بإللي نزلو. من وين بتجيبي اخبارك بس���,hate,gender,levantine,letmi
لا تترك الأب توب مره ثانيه و انت رايح على الحمام,not_hate,unknown,jordanian,jhsc
@user @user لاحظو حجم الأسى الذي سببته السعودية العظمى لإيران وبوقها الإعلامي الخنزيرة.,hate,race,mixed,mlma
"عائلة من بلدة بلعا قضاء طولكرم تفقد 3 من رجالها بفارق ايام متأثرين باصابتهم بفيروس كورونا
",not_hate,unknown,jordanian,jhsc
شعب زباله يتمتع بشرب بول البعير والتداوي بماء الرجال @user,hate,race,mixed,mlma
و إن كتب الله لي الرحيل .. فلا تنسوني من طيب دعاكم,not_hate,unknown,jordanian,jhsc
ضيقة صدر مدري هُموم وتفاكير بس الوكاد الحال يفرح عدوّي ..,not_hate,unknown,jordanian,jhsc
@user @user نحن كامازيغ متوحشين على أساس اننا ناكل الضبان والجراد والجرابيع ونشرب بول البعير ونؤد بن… @url,hate,race,mixed,mlma
"وكان هذا مطرها وليلها .. وكان هذا إكتمال سحرها
",not_hate,unknown,jordanian,jhsc
اه وهو بولع السيجاره,not_hate,unknown,jordanian,jhsc
"ههههه رح ارسب مقدمه الفصل للجاي هاي اول ماده رسبنا فيها.
",not_hate,unknown,jordanian,jhsc
حدثني عن الغباء .. أحدثك عن أحلام . Neeeeeeext ...,not_hate,unknown,jordanian,jhsc
@DimaSadek تاج راسك يا بلا شرف,hate,gender,levantine,letmi
"خرج ترامب من محاكمته منتصرا وهذا ما توقعته في تغريدة لي في شهر نوفمبر .
",not_hate,unknown,jordanian,jhsc
@user @user هههههه حمير ولا ماكان الفرس ركبوكم مسألة وقت يا خنزير لم يبقى الا القليل شوف وين كنتو وين صرت… @url,hate,race,mixed,mlma
@user ملعون ابوك صهيونى خنزير ...ياعبدة الصنم بن سلمان انتم آخر من يتكلم عن المسلمين والعرب ..,hate,race,mixed,mlma
@DimaSadek بيكفي كذب اهلك عايشين عمرهم بين يلي عم بتقولي عم بهددوها وأنت من يوم يومك تافهة وما سمعنا حدا قرب صوبهم.  استحي ع حالك,hate,gender,levantine,letmi
كم أكره المستشفيات,not_hate,unknown,jordanian,jhsc
@yumnafawaz @amanie_geha وهاهاها  هلق كل هالثورة كرمال هيك اه يا هبيله,hate,gender,levantine,letmi
الشعب السعودي يحتفل بشرب بول البعير بمناسبه تاسيس دوله ال سعود اللعينه الذتي تحول فيها شعب عربي… @user,hate,race,mixed,mlma
لما تلفزيون دولة يكون غايب عن خبر مهم مثل هيك ومواطنيها يتحروا الخبر على القنوات الفضائية يجب اقالة وزير الاعلام,not_hate,unknown,jordanian,jhsc
صفارات الانذار الآن تدوي في أرجاء مدينة عمان معلنة عن حالة تأهب بسبب الإنجماد على الطرقات و تنصح المواطنين بإلزام منازلهم.,not_hate,unknown,jordanian,jhsc
"حمى الله خادم الحرمين الشريفين امد الله بعمره بطاعة الرحمن وجعله ذخرا للإسلام والمسلمين واعز الله ملكك
",not_hate,unknown,jordanian,jhsc
شيء رائع. كنت من اشد المعجبين بهذا الفن حيث كان يبث عبر التلفزيون الاردني. والان اتباع حسب وقتي قناة نارت الفضائيه.,not_hate,unknown,jordanian,jhsc
"بهالدنيا السُمر الله خَلقهن .. حط الهَضم كلو في خِلقهن لحتى يزيد في عذابي خَلقهن..... سمرا وما روى عنها الكتاب  غزل بابا الله يرحمه فيي 
",not_hate,unknown,jordanian,jhsc
@yumnafawaz حقارة البعض لا توصف ... الشعب الشجاع الوطني بالشوارع وفي هاك عالم زبالة المجتمع عمال تحكي ... تفو عليكم وعلى عهدكم الخاين العميل,hate,gender,levantine,letmi
@user @user @user يا خنزير  لا  تستعجل.  جايكم الدور  خلينا نربيكم في اليمن ونربي قطر. و… @url,hate,race,mixed,mlma
الهدف ليس إسقاط الحكومة فقط إنما إسقاط النهج ..,not_hate,unknown,jordanian,jhsc
RT @AbbMahdi: @DimaSadek ما في شي اسمو انتصار للثورة الا لما يعلقوك من لسانك بساحة الشهداء #ديما_الواطية,hate,gender,levantine,letmi
بالعادة المتسعودين المسعورين بيستعملوا المنشار تحت تاثير تناول بول البعير..!! @url,hate,race,mixed,mlma
صاحبي المغترب : طمنا عنك كيف وضعك مع انا :,not_hate,unknown,jordanian,jhsc
@DimaSadek رح يقبر قلبك لا تعتلي هم,hate,gender,levantine,letmi
"210208 [ معلومة ] أغنية Eight لآيو بالتعاون مع شوقا تعود لـ Top 10 في مخطط MelOn الأسبوعي وتظل متعادلة مع أغنية Dynamite في المركز الثاني بين الأغاني الأكثر بقاءً ضمن Top 10 فيه ( 24 أسبوع ) 
",not_hate,unknown,jordanian,jhsc
اهاا يلا ريحتي راسك :),not_hate,unknown,jordanian,jhsc
@DimaSadek ولي روحي نضبي عنجد ما اقرفك,hate,gender,levantine,letmi
مستوطنون يهود يختطفون فتى فلسطينيا كان متوجهاً لصلاة الفجر اليوم و يقتلونه و يحرقون جثته قرب مخيم شعفاط في القدس المحتلة,not_hate,unknown,jordanian,jhsc
@alimajed31189 @comment0 @DimaSadek وينك اليوم طلعتي ع طرابلس مبارح ايمتى باقي المناطق يا واطيه.,hate,gender,levantine,letmi
عطاف الطراونه ومجلس النواب غير راضيين عن اداء الحكومه الاقتصادي ويطمح بعدم التعامل كفرديه مع بعض المؤسسات,not_hate,unknown,jordanian,jhsc
@DimaSadek انتي يهوديه مافي شك بوساختك,hate,gender,levantine,letmi
صحيح انت ونسوانك خدم عندنا ونشربكم بول البعير حسب كتبكم وفتوى معمميكم ياحمار تعلم دينك الرافضي بول البعير عقيده عند… @user,hate,race,mixed,mlma
الصحافة الصهيونية تهاجم ريال مدريد بسبب منعه لدخول اعلامها الى البرنابيو .. شكرا بيريز,not_hate,unknown,jordanian,jhsc
حاب اصورلك المنظر بس حزناً عليها سكتت لاجلك يا عجرمية,not_hate,unknown,jordanian,jhsc
@Jessicaazar برايي خليكي ساكتي احسن.,hate,gender,levantine,letmi
@berrynawal بزقة قليل عليكي  تفة,hate,gender,levantine,letmi
سبب انهيار بورتو غياب لاعبنا دانييلو,not_hate,unknown,jordanian,jhsc
@DimaSadek ليكي في فيديو بيفرجي انو ما قرب عليها اصلا يا دجالة يا عبيطة ولا قرب صوبها ��,hate,gender,levantine,letmi
إعلان سخيف على ال linked in طبعاً بدون تخمين المعلن من الأردن,not_hate,unknown,jordanian,jhsc
اهوا خاسرني گان يحبني بس شسوي جبرني فرقاهه,not_hate,unknown,jordanian,jhsc
"@DimaSadek ماشالله كلكم طلعتوا ممولين و مرتاحين على وضعكم لكن شو بدكم بهيدي الثورة..
و انتي لحتى ما انساكي يلعن شرفك بكعب صرمايتي..",hate,gender,levantine,letmi
@yumnafawaz هلق ضروري انه كل واحد طلع عا الشاشة يكون بيفهم، يقطع عمرك رملاء أفهم منك.,hate,gender,levantine,letmi
@berrynawal نوال بري كلبي و عمبتلعب على ٢ وينو كبير العيلة ولي,hate,gender,levantine,letmi
الأفكار الجيده تحمل ثماراً طيبه ، والأفكارالرديئه تحمل ثماراً فاسده ، والأنسان هو البستاني في حديقة أفكاره .,not_hate,unknown,jordanian,jhsc
وبعز يلي انت فيه رح تلاقي حمار بحسدك,not_hate,unknown,jordanian,jhsc
@DimaSadek بتحبي تضلك عايشي عالبهدلي يا #ديما_الواطيه,hate,gender,levantine,letmi
@yumnafawaz طووووووط انضبي . بوق الفتنة,hate,gender,levantine,letmi
@user @user خنزير نجس اتفووووووو عليه خاين عرص وسخ,hate,race,mixed,mlma
منورة الكون من دوووووون كهرباااااااااااااااااااااااااااااااااااااااااااااااا انتى دوم,not_hate,unknown,jordanian,jhsc
وإن سألُوك يوماً لماذا انتَ حزين ؟ اجبّ بصدقّ قُل لهمَ . . { قليلُ الإستغفار،،هاجِر القُرآنّ } ..!”,not_hate,unknown,jordanian,jhsc
@DimaSadek هيدا كان رد على إستفزازهن وشتم سيد المقاومة يا إم مخطه,hate,gender,levantine,letmi
طبيعة البشر أن يكرهوا بعضهم .. ولكن ليس من حقهم تشويه سمعة من يكرهون .. إذا كرهت إنسانا فلا تشوه سمعته فقد يكون صديقا يوما ما ..,not_hate,unknown,jordanian,jhsc
هاد بدون الفرض و بتتحججي كيف لو مع الفرض :-P,not_hate,unknown,jordanian,jhsc
"بصراحه ما بقدر اتخيل اني بضرب حدا فمشً رح اقدر بالنقطه هاي .. شوف شخص اخر احسن مني
",not_hate,unknown,jordanian,jhsc
@DimaSadek انشالله بتلف البزقة وبتجي بنص خلقتك يا شرشوحة يللا انضبي انحرق كرتك يا قبيضة السفارات,hate,gender,levantine,letmi
@user لعنت الله علي محمد الهاشمي وفيصل القاسم كلهم خنازير قطر واعداء الاسﻻم والمسلمين,hate,race,mixed,mlma
الغرفه الي فيها عتمه كانت عقاب النا واحنا صغار هسا اكتر مكان بنرتاح في,not_hate,unknown,jordanian,jhsc
"ديباي بيمنع اهداف كمان
",not_hate,unknown,jordanian,jhsc
@DimaSadek انزلي انت والكلب جوزك والكلاب الصغار اللي عندك بالبيت حاج تضحي بولاد العالم #ديما_الواطية,hate,gender,levantine,letmi
ليس لدي شك أن تنظيم عيال فطيمة خنازير الخمارات العبرية المتحدة متورطين في #قضية_خاشقجي بريطانيا كشفت الأمر وهددتهم… @url,hate,race,mixed,mlma
@LbciLebanon @DimaSadek ديما بلا تحيتك من طرابلس تقدمي للجنوب وزوريهم بالمستشفيات وشوفي شعبيتك اديش كبيره .. اذا ما… https://t.co/r1FUlTnG9j,hate,gender,levantine,letmi
"استمرار حملة التطعيم ضد فيروس كورونا للفرق الطبية في محافظة خان يونس جنوب قطاع غزة
",not_hate,unknown,jordanian,jhsc
@DimaSadek روحي نضبي بقا و ستحي على حالك يا حاقودي حرريه من سامي و جعجع ملوك حرب الاهليه و العملاء,hate,gender,levantine,letmi
"@DimaSadek ريتو قارطقك ياها بنيعك ما تعرفي راسك من كعب جريك
#ديما_الواطية",hate,gender,levantine,letmi
@DimaSadek ديما صادق انت بهيمة بكل معنى الكلمة، لأنك لاتعقلين. إنت من فئة الأنعام بل إنك أضل سبيلاً.  هل تعتبرين نف… https://t.co/zMURJwxNpq,hate,gender,levantine,letmi
"رحمهم الله و الخزي والعار للجبناء
",not_hate,unknown,jordanian,jhsc
@DimaSadek عميلة اسرائيلية,hate,gender,levantine,letmi
@DimaSadek انتي أوطى من البزقة ع الأرض ��,hate,gender,levantine,letmi
وجيههم مغسوله بمرق خنازير وعادي عندهم,hate,race,mixed,mlma
"@yumnafawaz غليظة والله 
خلص خففي شوي",hate,gender,levantine,letmi
رح يصيبني سرطان جلد قد ما بكتب غش عايدي....بس المشكله عالفاضي.,not_hate,unknown,jordanian,jhsc
@DimaSadek @alislim124 الله يرض عليك على الصبح الي متل خليتك .. يا اختي مين ما كان اكون.. بلا فتنة و انضبي,hate,gender,levantine,letmi
@yumnafawaz عون تاج لبنان. وكرامته من كرامة لبنان. روحي على بيتك انضبي  وبلا فلسفة,hate,gender,levantine,letmi
@NicoleHajal انضبي ما رح تقدروا تعملوا فتنة مع السيد لا الموت موتى بغيظك خليكي مع زعميك المجرم,hate,gender,levantine,letmi
@REA361291 @DimaSadek وحدة وطنحية(عاملة حالها بتحب الوطن) وزوجها تخلى عن الجنسية اللبنانية. تفه على شرفك وشرفه.,hate,gender,levantine,letmi
مما سرقت لكم,not_hate,unknown,jordanian,jhsc
@yumnafawaz انت مكعب غباء حاقد. لو شو ما حكي السيد ما بدك تفهمي عليه هاي جماهير حاقنة وساكتة صرلها زمان من الشتائم… https://t.co/YzEpV85WM5,hate,gender,levantine,letmi
@DimaSadek اخسئي يا #شلكة_وسام_الحسن,hate,gender,levantine,letmi
@yumnafawaz ولا يهمك لانو بجل الديب الناس هونيك تهتف ارهابي ارهابي نصر الله ارهابي هههههههههه المصيبة انك بعينين وما تستخدمي الا وحدة هههههه,hate,gender,levantine,letmi
"احتفظ بإبتسامتك بعيداً عن بؤس العالم وقذارته... تستحق السعاده فلا تعبس، اعتنِ بنفسك جيداً ، لا تجعل أحداً يؤثر على مسار حياتك، قراراتك، علاقاتك،قناعاتك أو حتى مزاجك، كن كما تحب... كن كما تريدُ أنت ....
",not_hate,unknown,jordanian,jhsc
"RT @AmerAttieh1: كل التحية الك عادل ولضيوفك وخصوصي  ويلي عم يتعدوا عليكي بلا اخلا وبلا ضمير @yumnafawaz
 #بيت_الكل",hate,gender,levantine,letmi
"خلينا كدا على طول ماشيين مرامانا الهوا ونعشنا والي شبكنا يخلصنا
",not_hate,unknown,jordanian,jhsc
سبحان الله هيني بسمعها بنت عمان - بلوز و بنطلون,not_hate,unknown,jordanian,jhsc
@DimaSadek الله يقصف عمرك انت الله لا يسامحك اديشك خبيثة,hate,gender,levantine,letmi
@DimaSadek بعتقد  عم يحكي باسم لبنان يا هبلة !,hate,gender,levantine,letmi
"وزارة الصحة 10 وفيات و1701 إصابة جديدة بفيروس كورونا ليرتفع الإجمالي إلى 229 وفاة و35432 إصابة
",not_hate,unknown,jordanian,jhsc
@DimaSadek انشالله بتفوتي عالمستشفى وما بتلاقي متبرع يا منافقة,hate,gender,levantine,letmi
@DimaSadek لك انتي اغبى واوسخ المخلوقات...,hate,gender,levantine,letmi
عبيد حاله خاصه من اهل الكهف عادي,not_hate,unknown,jordanian,jhsc
لأنكم بلد دعارة الكل يحبكم لكن كم ستصمدون يا شاربي بول البعير @url,hate,race,mixed,mlma
@DimaSadek وحده واطيه بلا شرف,hate,gender,levantine,letmi
شو رأيك بالنسبه لمهرجان البيجاما ؟؟؟شعب فاضي أشغال,not_hate,unknown,jordanian,jhsc
يلعن ولا بلاش يا اوباش,not_hate,unknown,jordanian,jhsc
صابك غرور والغرور لما يصيب مشكله ....,not_hate,unknown,jordanian,jhsc
@yumnafawaz شفتي التاريخ دخلك يا جاهلة ؟,hate,gender,levantine,letmi
"اللهم إني عبدك و ابن عبدك وابن أمتك ناصيتي بيدك، ماضٍّ فيّ حكمك عدلٌ فيّ قضاؤك، أسألك بكل اسم هو لك سمّيت به نفسك أو أنزلته في كتابك، أو علّمته أحد من خلقك، أو استأثرت به في علم الغيب في علم الغيب عندك، أن تجعل القرآن العظيم ربيع قلبي، ونور بصري، وسعة صدري وجلاء حزني وهمي. 
",not_hate,unknown,jordanian,jhsc
@DimaSadek يا واطية و يا احقر الناس انت ! تفه عليكي و عليها #ديما_الواطية,hate,gender,levantine,letmi
@user @user الطم و الي شرف!  و انت روح اشرب بول البعير و ارضع من ..... و لا بلاش,hate,race,mixed,mlma
حتى المواعيد كذابين فيها النيه تطبيق الاسعار بوافق ٢/١,not_hate,unknown,jordanian,jhsc
@DimaSadek سيدك وتاج راسك يا حيوانة,hate,gender,levantine,letmi
: : هلا بصقور الملعب هلا بالعرباويه  : اشتقنا ي الزعيم والله اشتقنا…,not_hate,unknown,jordanian,jhsc
@dianamoukalled @DimaSadek اذا انت بشعه لا يحق لك التعليق على الحسناوات بكلامك السخيف,hate,gender,levantine,letmi
@yumnafawaz انتي لا شكل ولا مضمون ولا نفسية وتافهة كمان,hate,gender,levantine,letmi
لاتلعب بنار يامجوسي مع سني بتحرء أصابيعك خزها عبرة ياأبن لمتعة ليمازة لخميني لعنة الله سرهو في جنازتهي وكل من شهادة… @user,hate,race,mixed,mlma
"الكل بدو ياخذ اللقاح خاوة مع مرور الاشهر لا بتركب باص ولا بتدخل مطعم ولا بتمشيلك معاملة غير لما يشوفوا منك ... عقولة الهياجنة من الآخر الكل بدو ياخذوا
",not_hate,unknown,jordanian,jhsc
قبل اربع اشهر كان الي بده يفتح معي موضوع يجيبلي معه سندويشه اكلها بعدين ابلش اسولف معه,not_hate,unknown,jordanian,jhsc
"حرام عليك يا صاحبي شكلك مش كاين تدرس أنا درست واجتهدت وتعبت عحالي وتجميعي ٣٣ 
",not_hate,unknown,jordanian,jhsc
الحوثي عميل نجس وسخ نذل خنزير إيران  #الحديدة_تنتصر,hate,race,mixed,mlma
٩٠ عاما من الشرف.,not_hate,unknown,jordanian,jhsc
@DimaSadek عما بقلبك شو حقيرة,hate,gender,levantine,letmi
"@DimaSadek العميلة
#ديما_الواطية",hate,gender,levantine,letmi
@DimaSadek لمّا قلت عنّك جحشة ما غلطت و حمارة كمان,hate,gender,levantine,letmi
يعني طلع اصله عربي,not_hate,unknown,jordanian,jhsc
"انا بحب فترة الصبح وقهوة الصبح ونشاط الصبح ومنظر الشمس الصبح بس يلي ناقص اني اصحى الصبح 
",not_hate,unknown,jordanian,jhsc
في المواقف هاي بتحس إنه رح ينزل عليهم عقاب فوري من السما، بس ان شالله لأ لإنك هناك :),not_hate,unknown,jordanian,jhsc
من التعب اخاف انام وماقوم الا صار يوم السبت,not_hate,unknown,jordanian,jhsc
“ يارب ! وإن نامت أجزائي تحت التراب وكنت نسيآ منسيآ هب لي من يدعو لي دائمآ دون ملل !!! ”,not_hate,unknown,jordanian,jhsc
 ناجح!!!! لعاد لا تخاف زابطة أمورك حتى بدون بحث  لو غششوني بجيب كامل ,not_hate,unknown,jordanian,jhsc
والله حرام هذااا دكه والمعيوف اساسي,not_hate,unknown,jordanian,jhsc
كوس اوختك واوخت اسلامك.اخ الشرموطه,not_hate,unknown,jordanian,jhsc
@DimaSadek حبيت صبح عليكي دمدوم بونجور  خلي زوجك يشوفهم بلكي بيتعلم الرجوله شوي وبضبك حاجتك فلتانه شفناكي مبارك من… https://t.co/GngBKjnqeq,hate,gender,levantine,letmi
@DimaSadek يا اعلامية ياحقيرة لو ما عملو خمس ايار ما كان في سبع ايار خرسي يا وسخة,hate,gender,levantine,letmi
#نانسي السبع قذارة الاعلام,hate,gender,levantine,letmi
@DimaSadek يلعن صباحك وصباح ثورتك. قال ثورة قال �,hate,gender,levantine,letmi
الشيخه الروحانيه ام احمد لفك السحروتسهيل الزواج وعلاج التابعه والعقم لاجل الخلفه بأذن الله لتواصل على هذاالرقم٠٠٩٦٢٧٧٩٧٨٥٠٥٨,not_hate,unknown,jordanian,jhsc
"علينا من الدنيا ضغوطٍ تهدّ الحيل فلا تحسب إن الله خلقنا على شانك
",not_hate,unknown,jordanian,jhsc
@user هذا العمليه الإجراميه الإرهابيه برعايتكم يا دموييين يا انجاس تسوون فتنه بين المسيحيين الأقباط والمسلمين ل… @url,hate,race,mixed,mlma
@berrynawal مجدوبه وماشيه يا نوال,hate,gender,levantine,letmi
في الكرك حيث أتشرف بتقديم تدريب لمدة أربعة أيام لمجموعة من القيادات الشبابية في المدينة حول إطلاق المشاريع الريادية والإبتكارية ضمن مشروع بداية بالشراكة مع مؤسسة TTI و Spark.,not_hate,unknown,jordanian,jhsc
@DimaSadek رح تموتي قد مافي جواتك سم,hate,gender,levantine,letmi
""" “في خدودك ورود وفي عيونك كسل وفي وصالك برود وفي يدينك دفا وفي زفيرك عبير وفي شفاهك عسل وفي كلامك حياه وفي سكوتك جفا”""",not_hate,unknown,jordanian,jhsc
@DimaSadek يعني لو حضرتيك من الشعب كنتي شريفة .. خلص ما بدنا اياكي بالشعب خليكي بلا شرف يا... ديما الواطية...,hate,gender,levantine,letmi
اكيد مظلومه ونعملت عليها مؤامره خطيره وكبيره,not_hate,unknown,jordanian,jhsc
@yumnafawaz @General_Aoun هو فوق عم يحلق بالكرامة وانت تحت الصرماية يا جرثومة,hate,gender,levantine,letmi
وتسألني كيف انت؟ فأجيبك:مريض بك وكل من يمر بي يصاب بعدوى,not_hate,unknown,jordanian,jhsc
يقول احد القضاة : لم تصلني قضية لفتاة تعق والديها بل كلهم ابناء ذكور؛ ومع هذا إلى الآن يوجد من يحزن إذا رُزق بَ فتاه !,not_hate,unknown,jordanian,jhsc
@DimaSadek انتي اخرسي واعزمي سياسيي السلطة عندك بالبيت عل عشاء.انتي يا فاسدة اولون كلون يعني كلون وانتي اولون اخرسي ما بدي اسمع صوتك,hate,gender,levantine,letmi
توقيع على الورق بدون انشاء كله سلخ حكي كذب,not_hate,unknown,jordanian,jhsc
@DimaSadek اصمتي يا عاهرة المال,hate,gender,levantine,letmi
وكالة الأناضول للأنباء/ | الشرطة الإسرائيلية: إصابة 3 بجروح متفاوتة في إطلاق صواري ... - عبر تطبيق نبض,not_hate,unknown,jordanian,jhsc
يزم اذا ابوي اقتنع بالحكي هاظ زمان وانا بدرس رح حطني مدير مدرسه  زمان اقتنع الهندسه علفاضي,not_hate,unknown,jordanian,jhsc
الي سنة بكتب فيك قصائد .. و العبس يا عبسي و غيرها من الابيات بعرض الحسناوات يزم,not_hate,unknown,jordanian,jhsc
@DimaSadek انشالله بيقبرك إنتي وعيلتك�,hate,gender,levantine,letmi
الحمد لله حمدا كثيراً طيباً مباركاً فيه كما ينبغي لجلال وجهك وعظيم سلطانك,not_hate,unknown,jordanian,jhsc
فارس بحكي اكبر مسبة حكاها يا حمار,not_hate,unknown,jordanian,jhsc
بتعوّذ من بعض ناس اكتر من ابليس,not_hate,unknown,jordanian,jhsc
لا واذا موعاجبك في صوره اقوى بالف مره من هذه مع ايران على شان يعرفون انهم صفر على الشمال,not_hate,unknown,jordanian,jhsc
"كنت باكل هريسه الواضح مش مجاوبه 
",not_hate,unknown,jordanian,jhsc
"كنت عندكم من اسبوع 
",not_hate,unknown,jordanian,jhsc
"و مشاعري !نفسيتي تعبانه كانت خير ان شاء الله
",not_hate,unknown,jordanian,jhsc
- جيفارا ؛ نفسي انسخ مخه و اصير اتثقف منه. انسان فريد.,not_hate,unknown,jordanian,jhsc
@DimaSadek بس يا هبلة،  انت بدك مين يشرحلك يا مخ الحمار،  هو قال لا أؤيد استقالة الحكومة،  بس عن العهد قال لن يسقط،  فهمتي أو بعيد يا بغلة,hate,gender,levantine,letmi
"@berrynawal كنا ب #ديما_الوطية
صرنا ب #نوال_البهلة.. يقطع عمرك شو زكية",hate,gender,levantine,letmi
اللهم إن البرد من أمرك يأتمر بأمرك اللهم بدّله دفئاً على كل محتاج على فقير على كل لاجئ على كل من يعمل عملاً يُرضيك.,not_hate,unknown,jordanian,jhsc
@user @user @user يا بهيم حامل كتاب التاريخ بالمقلوب هههه.. في ١٩٨٢ اسراءيل هي الي أسقطت ٨٩ طائرة سوري… @url,hate,race,mixed,mlma
@DimaSadek اه انشالله بس مش السيد اللي رح يقبر قلبك انشالله ما تلاقي حدا يقبرك عاهرة الثورة,hate,gender,levantine,letmi
@ghadifrancis @Jessicaazar اللي متلك عالمطبخ يا غدي.. معك نص ساعة لتخلصي الجلي..بسرعة!,hate,gender,levantine,letmi
"اللهم انت وحدك ولي ذلك والقادر عليه.
",not_hate,unknown,jordanian,jhsc
اتوقع رح نسيطر الا ع افضل حارس،ودي ماريا مظلوم فيها,not_hate,unknown,jordanian,jhsc
"الجاهل عدو لنفسه!!
",not_hate,unknown,jordanian,jhsc
@DimaSadek لا اطمئني بتظلك تجيبي سكور مرتب بالوطاوي,hate,gender,levantine,letmi
@DimaSadek عبالي انزل شوفك وبوسك من فوق لتحت لان مشتقلك كتير,hate,gender,levantine,letmi
""" كاسياس:ضربة الجزاء كانت نقطة مهمة لانهم لو عدلواالنتيجة لكانت المباراة مختلفة،بعدها الفريق دخل في المباراةوكانت ردة الفعل جيدة",not_hate,unknown,jordanian,jhsc
"أيُّ شـهرٍ قـد تَولَّى * يا عبادَ اللهِ عنّا حُقَّ أنْ نبكي عليهِ * بدماءٍ لو عَقَلنا كيفَ لا نبكي لشهرٍ * مرَّ بالغفلةِ عنّا ثُـمَّ لا نـعـلـمُ أنّـا * قد طُردنا أو قُبلنا
",not_hate,unknown,jordanian,jhsc
@yumnafawaz مش رح تعرفي تحكي انت يا ام نص لسان عيب عليكي ..واذا حكى عن النازحين اصلاً المظاهرة مفروض تكون لترحيل ال… https://t.co/sXDfUCmMMp,hate,gender,levantine,letmi
@yumnafawaz يا أم نص لسان سكتي احسن,hate,gender,levantine,letmi
خلينا نضحك شوي بصراحه ابوه مثل ابوي هههههه حفظكم الله وحفظ اباءكم ورحم الميت منهم,not_hate,unknown,jordanian,jhsc
"وكالة عمون الإخبارية/ عاجل مزارعو الأردن يهددون بوقف توريد الخضار للسوق المركزي - عبر تطبيق نبض
",not_hate,unknown,jordanian,jhsc
مش حركة غبية !!,not_hate,unknown,jordanian,jhsc
بجاه اذان الفجر ربي يحفظ النشامى والجيش والأردن وملكهاااا .. ربي يديم الأمن والأمان على طول وينظف هالبلد من السحيجة والحرمية,not_hate,unknown,jordanian,jhsc
"عاجل حلب المجاهـدون يغتنمون دبابة ل قطعان المنظومة الإجرامية على محور خلصة بريف حلب الجنوبي
",not_hate,unknown,jordanian,jhsc
انه هاي البنت ما بدها تتزوج و ابصر شو! يعني مجبرة تعطي سبب مقنع للرفض مع انه برأي انها ما بدها او ما بتفكر بالموضوع هلا سبب كافي!,not_hate,unknown,jordanian,jhsc
@DimaSadek ديما يا عديمة الشرف ما بيطلعلك تحكي عن الشرف,hate,gender,levantine,letmi
@user @user خنزير فاجر يقتل القتيل ويمشي في جنازته امتا يارب النجاه من الفاسد الإرهابي ده اللي بيتحكم في المصريين غصب عنهم,hate,race,mixed,mlma
هالأسمراني جماله فتنا,not_hate,unknown,jordanian,jhsc
ارتفاع نسبة رواسي الكويت بشركة المغاربية٢٩.٢٣٪,not_hate,unknown,jordanian,jhsc
@DimaSadek الله يعين المجتمع ع قلة فهمك و استيعابك �,hate,gender,levantine,letmi
@DimaSadek لك العمى بقلبك العمى .. لك شو نوع الحقد يللي معجونة فيه انتي ؟؟ لك خافي على أمك على اهلك على عيلتك من ال… https://t.co/F01MWf9vmR,hate,gender,levantine,letmi
"""ما رأيك ان تستغفر الله في هذه اللحظه """"فقلت استغفروا ربكم إنه كان غفاراً يرسل السماء عليكم مدراراً، ويمددكم بأموال وبنين ويجعل لكم جنات ويجعل لكم أنهاراً"""" نحن بحاجه الى المطر من الله تعالى. ادعوا اللهم أسقنا الغيث ولا تجعلنا من القانطين""
",not_hate,unknown,jordanian,jhsc
"اصلا الي المفروض يعملوا احتجاج على قرارات الحكومة بخصوص التعليم الامهات لانهم هما الي ماكلين هوا موظفات وزوج وبيت وتدريس وضغط بأم الحياة والحكومة بس شاطرة تنزل اوامر دفاع واوامر بخصوص التعليم الفاشل ولما اروح ع المدرسة اسأل استاذ اشي بخصوص التدريس بتركني بحكي وبمشي 
",not_hate,unknown,jordanian,jhsc
للابد اكره الرجال الي يتدخل في امور الحريم ياخي كلزق واسترجل وفكنا منك,hate,gender,mixed,mlma
@yumnafawaz يا عيب الشوم عليكي يا موّتي (مرتّي) ! تفه عأصلك، لو في اهل يربوكي ما بتهوشي هيك. بس مربايين معزابة.,hate,gender,levantine,letmi
شرفاء فتح شهداء,not_hate,unknown,jordanian,jhsc
@DimaSadek ايتها الحمقاء قال سيدك وسيد البلد لن يسقط العهد,hate,gender,levantine,letmi
لا تتعلق بشئ فكُلنا ذاهبون،، وإن أحببت فحب بصمت،، لا داعي للجنون فما الحياه سوى مطار ،، قادمون و مغادرون،،,not_hate,unknown,jordanian,jhsc
@DimaSadek .. و #ديما_الواطية حمالة الحطب,hate,gender,levantine,letmi
@DimaSadek اخرسي ولي عنزة #ديما_الواطية,hate,gender,levantine,letmi
بدي اقلع عين اللي بقول عن الاردنيين مسخمطين . احنا بس بدنا نركض ورا رغيف الخبز ورغيف الخبز يركض قدامنا.,not_hate,unknown,jordanian,jhsc
"هو عارف وضع النادي و لا بدو صلاح بشي ثاني ؟!
",not_hate,unknown,jordanian,jhsc
@DimaSadek ما تنسي أنك شرشوحة كمان يا حمالة الحطب  والله ما تضلك تنبحي متل الكلبة مش رح يلكشك بصباتة ويجيب اسمك على تمه لو بتموتي ������,hate,gender,levantine,letmi
@DimaSadek احترمي حالك وحدة مبهدلة بتسوى صرماية اعتق من عتيقة روحي انضبي,hate,gender,levantine,letmi
المباراه منقوله ع فلسطين لايڤ او الرياضيه اللي بحب يحضرها,not_hate,unknown,jordanian,jhsc
"@DimaSadek الله لا يوفقك شو انك شرشوحة و سخيفة و داعشية
اذا انت بدك تقودي الثورة الله يلعن هيك ثورة",hate,gender,levantine,letmi
"أّلَلَهّـمً ربً أّلَسِـلَأّمً  أّنِﺰلَ طِمًأنِيِّنِتٌـکْ عٌلَئ کْلَ قُلَبً أّرهّـقُتٌـهّ أّلَحًيِّأّة.  اللهم أرحم ضعف وقلة حيلتها وخفف عنها كل ألم يااااارب.
",not_hate,unknown,jordanian,jhsc
@DimaSadek ولك انتي مزبلة تويتر,hate,gender,levantine,letmi
@DimaSadek هل ضربك الطرش والحول رجعي سمعي شو قال يا هبلا,hate,gender,levantine,letmi
@DimaSadek انضبي يا فاجرة يا واطية، الجيش خط أحمر,hate,gender,levantine,letmi
@MariamAlbassam نانسي السبع مراسلة والله محلل سياسي ضد حزب الله؟ ضبّوها...يا حيف ع هيك مراسلات,hate,gender,levantine,letmi
@DimaSadek ألتزمي الصمت (يعني سدي نيعك بالعربي)...حتى نهاية المعركه ...لا دور للأنتهازيبن امثالك,hate,gender,levantine,letmi
سامحيني إن لم أكاشفك بالعشق فأحلى ما في الهوى التضمين,not_hate,unknown,jordanian,jhsc
الموضوع مش هيك ابدا الموضوع حصل القتال وهناك مبادرة لوقفه وقد وافقت اسرائيل لماذا ترفض حماس,not_hate,unknown,jordanian,jhsc
السويد مركز أول!! ألمانيا أووت ؟؟!! معقول,not_hate,unknown,jordanian,jhsc
شكلي و انا انتظر علامة الجنتكس,not_hate,unknown,jordanian,jhsc
"حادث سير قرب حاجز الزعيم شرق القدس المحتلة
",not_hate,unknown,jordanian,jhsc
وله صهيب ليش بتعامل احمد هيك،؟؟ ارجع اكتلك يعني؟ خلص كبرتو عهاي السوالف اعقلو,not_hate,unknown,jordanian,jhsc
@DimaSadek حضرتك اوسخ من الوسخ نفسه,hate,gender,levantine,letmi
ضميرك راح يسوي نفس هذا,not_hate,unknown,jordanian,jhsc
@NadimKoteich @DimaSadek شو هل جلجوئة المريضة ! بتحكي بحقوق المرأة و قبلت الشتام مبارح لام وزير مع ضحك عريض ولو شو هالسفاهة,hate,gender,levantine,letmi
اتخيلي عاد ماشي بالشارع ومعي لعبة بتسلى فيها,not_hate,unknown,jordanian,jhsc
مش طالبه يكون مظهرو رائع ، بس اشي منطقي و مقبول بس,not_hate,unknown,jordanian,jhsc
@yumnafawaz عنجد سخيفة شو بدك بالتسمية هلا شوفي ادي عقلاني,hate,gender,levantine,letmi
@user @user @user @user مجاري يامتخلفين يابتوع بول البعير ياتيوس,hate,race,mixed,mlma
@DimaSadek يلعن البطن اللي جابتك,hate,gender,levantine,letmi
حسبة بسيطة توضح حجم مأساة كبيرة,not_hate,unknown,jordanian,jhsc
كميه الملل والزهق اللا منتهيه,not_hate,unknown,jordanian,jhsc
وفي هذا اليوم افتقدت لـ ، يا عيبكم ما حدا فقدو ، لك من قلبي سلام.,not_hate,unknown,jordanian,jhsc
@DimaSadek فشرتي على رقبتك سيدنا يقبرك,hate,gender,levantine,letmi
حكومة إنقاذ وطني برئاسة حسين هزاع المجالي,not_hate,unknown,jordanian,jhsc
"صديقي الاستاذ عامر الرجوب تصريحات المسؤولين اشي والواقع شي ثاني بتوجعوا راسنا كل يوم على الفاضي.
",not_hate,unknown,jordanian,jhsc
@DimaSadek يا عمي ديما صادق بدها تنشهر و صدقوني لما انتشر هاشتاغ الواطية ديما، ديما كتير كانت مبسوطة انو هي تريند.… https://t.co/J2ZlEEPQrz,hate,gender,levantine,letmi
"@DimaSadek سدي بوزك
راس الفتنة انتي",hate,gender,levantine,letmi
@DimaSadek انشالله بيقبرك !!!على قلبك قاعد كلن بهل وقت قاعدين عم يسمعو غصب عنك�طقي وفرقعي https://t.co/OVKfVIQBme,hate,gender,levantine,letmi
@user @user عزيزي اللبناني تعرف اذا شفنا مكان وسخ نقول عليه زبالة كأنه لبنان !,hate,race,mixed,mlma
"مش مشكلة  صقر لقب كان الكل يحكيلي صقر ف لزق فيي
",not_hate,unknown,jordanian,jhsc
انا بحكيلك القصة بتهيألهم انو رح يعطوهم قطعة ارض بالجامعة هههههه,not_hate,unknown,jordanian,jhsc
سوري ،،، مش من هاي النوعيه انا ، قال اكمل اغاني قال,not_hate,unknown,jordanian,jhsc
"الفضل لله أولا والحماس العزة والشرف ثانيا
",not_hate,unknown,jordanian,jhsc
فعلت مكالمات الواتس اب اخيراً,not_hate,unknown,jordanian,jhsc
@user @user @user @user ندري شلون نفهم عيال المتعه، مشروب ابوال البعير للعلاج فقط لكن مرجعي… @user,hate,race,mixed,mlma
@user @user شاربى بول البعير و راعى الأغنام مش هنستنا منهم غير قلة الأدب و السفالة كلوا زق,hate,race,mixed,mlma
@DimaSadek انتي اوسخ امرأة شفتا في حياتي روحي نامي احلا ما تسمعي اكثرمن هيك حاكي,hate,gender,levantine,letmi
@DimaSadek روحي انضبي يا شرشوحة وتعلمي الفهم,hate,gender,levantine,letmi
"نعم نقدر عاليا هذه الديناميكية الأردنية وهي في أقصى درجات سرعتها في المحافل الدولية لمنع الضم الأسرائيلي. ولكن اين العرب؟ اين الأتحاد الأوروبي.
",not_hate,unknown,jordanian,jhsc
بالنسبه للجميع  العطله الرسميه من تسكيرتي للجامعه حتى ٢٥/٩ ! .. نقطه .,not_hate,unknown,jordanian,jhsc
@yumnafawaz الرئيس ألقى خطابو وخلفو حيط فاضي ت البجم السخيفين اللي متلك يركزو عالخطاب مش التفاصيل وانت يا تافهة   ع… https://t.co/nxyPonAdGc,hate,gender,levantine,letmi
ممممممم بنظري بتنفع بذات بمجتمعنا هاد بس بالاخر انت حكتلي السمعه شي مو ملموس,not_hate,unknown,jordanian,jhsc
وراء كل رجل وسيم إمرأه بايره,hate,gender,mixed,mlma
الاسبان حققوا كل الارقام.. واكثر اندية استفادة من الحكام اندية اسبانيا كرة مثل هذه تعود بي بالذاكرة لمباراة تشيلسي,not_hate,unknown,jordanian,jhsc
عن الشخص الي بتعشق وجوده بالتايم لاين و هو حمار لا هو عارف ولا هو حاس ,not_hate,unknown,jordanian,jhsc
@yumnafawaz مخابرات جيش يا هبلة,hate,gender,levantine,letmi
طائرة السفير الاردني المحرر في ليبيا تصل بعد قليل الى,not_hate,unknown,jordanian,jhsc
@DimaSadek الله يلعنك شو كذابة و منافقة,hate,gender,levantine,letmi
"أهدرت عمري في الإشاحة بوجهي عن ماهو جلي القصد.
",not_hate,unknown,jordanian,jhsc
@DimaSadek فيكي توقفي استفراغ سمومك وتريحينا من سما ربك؟ العما بقلبك ما اسألك وشو انك بلا وفى #تفه,hate,gender,levantine,letmi
@DimaSadek ان شاء الله نحن كلنا منقبرك�,hate,gender,levantine,letmi
الرعاع وشاربوا بول البعير متى عىفتم كرة القدم لكي تتحدثوا عن لاعب دفع شيخكم تركي الكثير لجلبه وهو حاء حبا في الكعبة… @url,hate,race,mixed,mlma
@user @user هذا ما أدخلوه في مخك المصدي شرابي بول البعير.,hate,race,mixed,mlma
@yumnafawaz @General_Aoun والله اقل شي انتي لازم تنكبي بالحبس مش بس عا افكارك النتنة وقلة احترامك..عا سماكة وتقل دمك,hate,gender,levantine,letmi
@DimaSadek انتي بالذات سدي بوزك حيوانة,hate,gender,levantine,letmi
خجلتُ من نَفسي عِندما أدركتُ، أنّ الحياة حفلةٌ تنكَرية، وأنا حضرتُها بوجهي الحقيقي. فرانس كافكا,not_hate,unknown,jordanian,jhsc
@DimaSadek ديما صادق واطية و بجدارة,hate,gender,levantine,letmi
"وجودك بقربي مخلي الدنيا أحلى كثير قالت أحبك كلمة عادية وصارت غير. 
",not_hate,unknown,jordanian,jhsc
والحل يكون عند الهاشميين بطولة مفاوضات لا روسية و لا أمريكية بل أردنية هاشمية في دوحة العرب عمان,not_hate,unknown,jordanian,jhsc
"لما تكون عارف شو انت لو مهما الناس تجاهلتك او حاولت تدور عبدائل او حاولت تهمشك بتضل من جواتك عظيم المكانه مش بالمنصب ولا بالفلوس المكانه هيه اللي انت بتصنعها بنفسك في داخلك موجوده باعماقك عبدالله الجراح
",not_hate,unknown,jordanian,jhsc
فقدنا الصور الممتعة اليوم .. السبب غياب هذا الاسطورة!,not_hate,unknown,jordanian,jhsc
"متركتش حل بالحياة عالفاضي
",not_hate,unknown,jordanian,jhsc
"تم اصابة الوسط الفني بفايروس كورونا
",not_hate,unknown,jordanian,jhsc
"غلاف السبورت : ميسي الجديد نيمار جاهز لبداية الموسم الفيس سيبقى في برشلونة التوقيع مع فيرمالين فقط""",not_hate,unknown,jordanian,jhsc
"على جروب عالفيسبوك طالبين عروس لشب عمرو ٥١ سنة لم يسبق له الزواج 
",not_hate,unknown,jordanian,jhsc
@DimaSadek روحي نقبري عل القضاء طالبي يا ساقطه,hate,gender,levantine,letmi
@yumnafawaz بدك ١٠٠ سنة تتفهمي يلي قالو الرئيس. انضبي انتِ قليلة الاخلاق,hate,gender,levantine,letmi
"ولا حتى مثل نفسية نتنياهو وهو مالوش دخل بالحكومة 
",not_hate,unknown,jordanian,jhsc
@yumnafawaz @General_Aoun انضبي ولي بلا أخلاق احترمي حالك يا بلا شرف رتش,hate,gender,levantine,letmi
@yumnafawaz عتول عم تشخ تحتا شخاخة,hate,gender,levantine,letmi
"@DimaSadek انت بتشتغل يا احمد؟
اعوذ بالله ���
#ديما_الكذابة",hate,gender,levantine,letmi
@DimaSadek @yumnafawaz صدقنا انك نزلتي.. ليه ما بقيتي #ديما_الواطية,hate,gender,levantine,letmi
@DimaSadek ديما سدي بوزك يا عاهرة يا فتنوية كلمة تفو عليكي قليلة,hate,gender,levantine,letmi
"@DimaSadek الثورة عطتك عمرها يا معترة هههه 
#ديما_الوطية",hate,gender,levantine,letmi
@DimaSadek نطالب الدوله بسجن #ديما_الواطيه  البوق الصهيوني,hate,gender,levantine,letmi
@DimaSadek حاش تكذبي عالعالم افلامك محروقة يا بصلة معفنة,hate,gender,levantine,letmi
@yumnafawaz يا ريت تشرحيلنا شو هوي التغيير يلي شفتيه انت وعم تمشي بشوارع بيروت غير الفوضى وبعض الخيم وبأي شي حسيت بالفخر #تافهة,hate,gender,levantine,letmi
@user @user @user @user الانعام امثالك يا زبالة الي يشرب بول البعير ويركض ورا الع… @url,hate,race,mixed,mlma
ما حليت ولا صفحة و نفسي انتحر!,not_hate,unknown,jordanian,jhsc
كاميرون بره والجنية أسوأ سعر صرف له منذ عام 1985 واسكتلندا وايرلندا الشمالية تهدد بالخروج وجاريث بيل أصبح أجنبيا في الريال,not_hate,unknown,jordanian,jhsc
أعمل نفسك ميت,not_hate,unknown,jordanian,jhsc
"مين من الطلاب الي اجو من السفر نازل بكرفان ؟ بدي شوف هالكرفانات الي مجهزينها
",not_hate,unknown,jordanian,jhsc
ريو 2016: الأردني أبو غوش والمصرية ملاك يدخلان التاريخ بأول ميداليتين عربيتين في التايكواندو via,not_hate,unknown,jordanian,jhsc
لفتتني ثقافة مجتمع أراده حاكمُه داعشيا:اطلق شبيحة النظام السوري علي شائعة اغتصاب.قام النظام السعودي بتكراره مع كمّ… @url,hate,race,mixed,mlma
لا انا بقول اذا هي الي ببالي كهربيها وريحيني منها,not_hate,unknown,jordanian,jhsc
@DimaSadek قال انت المفتش كونان، يقطع عمرك ما ازنخك,hate,gender,levantine,letmi
@DimaSadek مصدقة حالك ههههههه فشرتي فشرتي، يا حمارة يا جاهلة لو انك بتفهمي و َرسالتك الاعلامية نضيفة يا وسخة بتعرفي… https://t.co/tdDErWdtuc,hate,gender,levantine,letmi
@yumnafawaz بكم حرم بتلدغ يمنى,hate,gender,levantine,letmi
"من الصريح للكرك شو اللي بدكم اياه ؟؟؟
",not_hate,unknown,jordanian,jhsc
@DimaSadek ههههههه.    تضربي ما احمرك.,hate,gender,levantine,letmi
أكيد بس انا افترضت كشف الوجه واليدين فقط، و بدون أن يكون البيت مشمسا حتى,not_hate,unknown,jordanian,jhsc
@DimaSadek انت بمزبلة التاريخ,hate,gender,levantine,letmi
"الجاردنز لتجارة السيارات ☆دليلك___ للتقسيط☆ متوفر جميع الاصناف ل فورد فيوجن موديلات 2017_2018_2019 للاستفسار : 0770500200 0776100600 @ الجاردنز لتجارة وتمويل السيارات
",not_hate,unknown,jordanian,jhsc
ليش كل الصحافة يوم النتائج بتكون في عمان الغربية وكل الصور للبنات و بختاروها تكون احلى من ملكة جمال الاردن الختارها وزارة الاثار المصرية.,not_hate,unknown,jordanian,jhsc
@DimaSadek @AhmadBallout15 ٧ ايار الجايي لازم يسحبوك من شعرك بلكي بتصيري  تفهمي,hate,gender,levantine,letmi
"معقول ؟! "" كل شيء تقوله لسيري من هاتف أبل يتم تخزينه في قاعدة بيانات في أمريكا",not_hate,unknown,jordanian,jhsc
الغريبة ناس بتعمل بلوك و هيا اصلا عيزا بلوك مت اول ما فتحت تويتر يلا ربنا يصبرنا عل الحاجات الي تنفخ دي :)) مش مقصودة :)),not_hate,unknown,jordanian,jhsc
تكفي هيبئة الملوك على آل سعود أجميع حفظهم الله .... ليسو كباقي الرؤساء للدول المجاورة للسعودية,not_hate,unknown,jordanian,jhsc
للأشياء الجميلة التي تسعدك ، حاول إخفائها عن العابرين واجعلها سراً بينك وبين نفسك.. فكل شيء يعرفه البشر يفسدونه ..,not_hate,unknown,jordanian,jhsc
مكتب يرحب بتصريحات رئيس حكومة اقليم التفاصيل:,not_hate,unknown,jordanian,jhsc
@yumnafawaz أكلي زباله يا زباله,hate,gender,levantine,letmi
@DimaSadek سخيفة وعقلك صغير.... عيب عنجد,hate,gender,levantine,letmi
@DimaSadek ليكِ انت وحدة بلا شرف شو ما حكيتي ...ما حدا رح يعبرك من هل لحظة..ما بقى نرد عليكي لانك تافهة وبلا شرف..حرام ما اهبلك..,hate,gender,levantine,letmi
@yumnafawaz عم يقلك هو اعمل فردية يا ام نص لسان شو بلا لسان وما بتفهمي كمان,hate,gender,levantine,letmi
القلب بيت شيوخ ماهو بفندق ماكل من زاره حبيبي سكن فيه... ودك تصدق ... ماتبي لاتصدق قلبي تربى مايبي من يربيه ...,not_hate,unknown,jordanian,jhsc
@user @user @user الصعلوك هم امثالك يا حقير يا نكرة يا نجس.. انت و امثالك عبيد قردوغان الصهيون… @url,hate,race,mixed,mlma
ههههههههههههه  ممنوع الريتويت     :P,not_hate,unknown,jordanian,jhsc
تكبيرات العيد هنن العيد بالنسبه الي وبس,not_hate,unknown,jordanian,jhsc
القائد العام للقوات المسلحة يامر باحالة على التقاعد التفاصيل:,not_hate,unknown,jordanian,jhsc
"بمر بازفت فترة نفسياً و صحياً و دراسياً و اجتماعياً و كل اشي 
",not_hate,unknown,jordanian,jhsc
@DimaSadek يعني اخترعتي البارود ��,hate,gender,levantine,letmi
@DimaSadek كذبي وسلينا يا بهيمة,hate,gender,levantine,letmi
بين حكيك وشوفتك قصة خجل ، طال فيها الشرح وعيونك دليل.,not_hate,unknown,jordanian,jhsc
ولا ترى العين عيباً اذا أحب القلب قلباً,not_hate,unknown,jordanian,jhsc
@user @user @user @user خنازير قطر هذا خنزير من حلفاءكم يطلب مساعدة (سمي النعال) @url,hate,race,mixed,mlma
"صورة بتحس طعمها بتمك وريحتها بانفك وصوتها باذنك 
",not_hate,unknown,jordanian,jhsc
“ ليس عليكَ أن ترد الجميل ولكن كُن أرقى من أن تُنكره .”,not_hate,unknown,jordanian,jhsc
لااااا.. مش بالزبط كده .. ما رح توصل لهاي المرحلة مع احترامي الشديد الك .. هي بالنهاية انه الأطفال بحبو التقليد قي كل شيء .. واكيد لاحظتي انه عّم يأكل سندويش وميقن انها ما بتنصح  وهي عكس ذلك تماماً,not_hate,unknown,jordanian,jhsc
أنا حدا بطلع كل أيام الأسبوع إلّا الخميس .. قرف و أزمة,not_hate,unknown,jordanian,jhsc
يا اخي و بعدين بقصة هالباصات ؟,not_hate,unknown,jordanian,jhsc
عزيزتي البنت الجامعية الواعية و الفهمانة المصلى للصلاة مش للاكل و النوم وحتى الدراسة بصوت عالي و شكرا .,not_hate,unknown,jordanian,jhsc
@DimaSadek ساقطة انت ومن معك وليس رجال الله #ثورة مصدية,hate,gender,levantine,letmi
": لا تبخلوا. بنشر الدعاء فلمن دعوتم لهم اجرهم ولكم اجركم لا ينقص منه شيئا رددوها علها ساعة استجابه وصلوا على محمد واله وصحبه. اجمعين""",not_hate,unknown,jordanian,jhsc
@DimaSadek تفه عليكي انت يا مكرسحة,hate,gender,levantine,letmi
"كان يكتب بالعرب اليوم مقالات مرتبة لما كان رئيس تحرير بس فعلا يلعن ابو الرخص 
",not_hate,unknown,jordanian,jhsc
@DimaSadek انشالله بيقبرك ومنرتاح من سمك يا خنزيرة  ����,hate,gender,levantine,letmi
"الدموع دليل المحبة، لكنها ليست العلاج.
",not_hate,unknown,jordanian,jhsc
@DimaSadek ديما الواطية سدي بوزك,hate,gender,levantine,letmi
الدور الذي تريده امريكا لإير ان أن تكون بعبع لإستغلال الدول الخليجية,not_hate,unknown,jordanian,jhsc
@yumnafawaz معقول الرئيس قاصصلك الشقفة الناقصة من لسانك حتى بتكرهي وحاقده عليه يا مقروطة اللسان وبالعة نص الأبجدية؟ ���,hate,gender,levantine,letmi
@DimaSadek إذا السيد حسن قبلك مسمار بنعلو إيلك الشرف,hate,gender,levantine,letmi
@yumnafawaz صايرة شاعري يا أم لسان مقروط,hate,gender,levantine,letmi
ضل حدا بالوطن العربي ما عرف؟,not_hate,unknown,jordanian,jhsc
يعني فهمتها بمصطلحك ايها البعير يبدوا ان شرب… @user,hate,race,mixed,mlma
@DimaSadek يقطع عمرك قطع انا دايما  بحترم امك وبقولك يا بنت الحلال بس عن جد  بينتي هلق انك بنت حرام وان شاءالله بيق… https://t.co/JwnFMtHq0e,hate,gender,levantine,letmi
مادام فيني نفس يذري وفيني طموح باب وراه اعتزازي...طارقه..طارقه رغم امتداد التعب عيا يموت الطموح…,not_hate,unknown,jordanian,jhsc
@berrynawal الصباط كان كتير صغير عليكه لازم يضربوكه بصباط أكبر بكتير#استحي,hate,gender,levantine,letmi
و في اكتر من جهة بتقول انهم خلية ارهابية,not_hate,unknown,jordanian,jhsc
"نفسي افهم شو اللي بضحك واحد ثار معه حادث لا وفارط ضحك بطريقه هستيريه وضحكات بتخزي ههههههههههههه
",not_hate,unknown,jordanian,jhsc
محاكمة مرتكبي الجرائم ضد الانسانيه في سوريا امام المحكمه الجنائية واجب اخلاقي وقانوني يجب على المجتمع الدوليان يضطلع به.,not_hate,unknown,jordanian,jhsc
"@DimaSadek ديما صوت إسرائيلي واضح،والعهر عندها مش أبو ساعتو،
الهيئة العهر عندها فيه مدرسة.",hate,gender,levantine,letmi
بالمناسبة الهاش تاق مسخرة,not_hate,unknown,jordanian,jhsc
الجمهور حرق الملعب ,not_hate,unknown,jordanian,jhsc
@DimaSadek قال لن يسقط العهد مش الحكومة يا هبلة!,hate,gender,levantine,letmi
@DimaSadek عقبالك.. تستقيلي من الاعلام وتوقفي ع المجلى..,hate,gender,levantine,letmi
"@DimaSadek مش غريب تحكي بمنطق رخيص اذا اهلك ما ادبوك نا تحترمي الناس اكيد الشارع ما بادبك. 
بنت شارع 

#الا-السيد",hate,gender,levantine,letmi
"بفيدك جداً بمحاضرة ""علوم سياسية ""، لما الدكتورة بتكون بتنازع وهي بتحكي ورقمك ٤٩!! جدا مفيد",not_hate,unknown,jordanian,jhsc
